,Lookback,Z,VZ,Bending,Breathing,density,BendingM2,BreathingM2,densityM2,DM,Gas,Stars,Satelites,All,DM_out,DM_inner
0,7.641375389072152,0.41791072043790345,13.723418161049134,11.615043702861676,2.350566980989404,0.16830871847052628,5.189589727066922,8.228859068551104,0.13279600533091304,43.94913985193548,66.17870709447371,8.257056929888986,0.024476698774057087,50.797959962880654,13.618917335229847,99.98824461260936
1,7.596713167865263,0.48527498055403456,11.184359693385618,9.992885115449113,1.443387774557062,0.16834420558355695,3.4745539303127613,8.272187929340841,0.13419353738076795,35.367123424451655,44.12677067555459,8.35539115978525,0.033394252051254576,30.958293996152445,10.33443739181305,88.72521217749278
2,7.566683618057125,0.4738041471537434,10.339379482847324,9.735290341215533,1.3159382836102078,0.20637041555422037,3.4106001851016545,7.794047566535265,0.10286422690405683,26.960473469768537,28.257478842240086,10.157288824759505,0.04112391289947009,21.46660084745961,10.68941915337777,107.23453388871884
3,7.53339063655954,0.4481263198933651,10.763557482128741,9.971584002049472,1.4160653525523264,0.21157365278413737,3.773288819995538,8.339641476572407,0.12688196279145297,36.81572178732739,22.741098633306603,8.261071152581131,0.051349399251658934,21.375472617091873,11.306638932132044,166.00533197094535
4,7.482979561017268,0.34978034014249565,11.937703927681007,11.275937345561735,1.493219298335129,0.13493201705348926,3.4974427741716108,7.41950909069997,0.11421828735064403,27.22456796386545,37.15340227004042,7.736412151482565,0.0668451733210635,21.56675743591254,8.973001471848484,193.42444381985754
5,7.445622694073074,0.3471859505142404,11.249925713628485,10.773226559035518,1.7848677394233978,0.07127905161248684,3.9677562824036343,7.387057599871286,0.12457556949726925,26.470490343166848,40.60167335025051,6.194374147726107,0.06764337571597706,20.0195638933001,8.792983051512467,132.42235929480552
6,7.388982983834753,0.40156381403645824,9.854384779034868,9.402418920380363,1.912111903519314,0.10365585148227381,3.284305841851674,6.6507742823484985,0.13958962980361594,20.7578261723704,48.83609943935609,6.369472683909707,0.03418255217006164,18.914002144345226,8.840123742439335,147.11735259911802
7,7.368028485131425,0.4005111491656844,9.421427784414863,8.70631807089244,1.989881644794717,0.10117770400779695,3.0341087718045276,6.0396434723244194,0.11651261309197922,24.431761407534943,33.203829683607054,7.704894107853952,0.0801907909618656,17.299427802326868,9.996071771082272,213.0883513929162
8,7.32581407574925,0.3800783814328276,10.651812003408683,9.445223395201605,1.2897968912470357,0.06791274939058999,4.263635507862768,5.220680765843915,0.12095446326070643,18.73577684835209,47.171773347256035,9.560053295561405,0.19492613132767353,20.360752193245176,8.837665505204724,124.64170524297626
9,7.304554308275986,0.3416776403512323,11.087057545890133,9.913036315343744,0.7960220711417614,0.11701103920956757,4.129124879320525,4.578977087520654,0.13941647251994543,16.840237269724703,52.57461782642541,6.726598503869344,0.20605097097119768,24.49361224703615,7.6740413924976,178.35709634128216
10,7.271496275648464,0.3472360075794129,9.42591430613984,8.748684524832177,1.063305482590928,0.10197184308636628,3.438723566689423,3.6852452584480595,0.14962963951573224,17.652318399124116,36.886796123415294,8.199881152349535,0.18443293254914875,17.648888654137743,8.072472231778523,195.52255502989473
11,7.236227198877431,0.34495217992618804,7.4131431424091145,7.131265741356148,1.1169283885726675,0.09543247052684489,2.7371208239562046,3.3696792679972005,0.12117549182791576,11.31440430882016,36.015990853972326,11.599716670845595,0.14557644075547937,23.70887456229397,7.286764337160342,115.31684338307505
12,7.19831221169613,0.3286629384335756,8.145094497998137,7.60238793735941,1.4137522862156453,0.06907694352310324,2.4490328993714927,2.2436499053823122,0.08230075448697162,11.383000524702757,42.76878686054644,8.988717719514446,0.1233170436053792,29.643345290915313,6.959026939515092,169.69290084944427
13,7.152681385740628,0.2888850708159906,8.127103291206305,7.690618234490804,0.8055929719403603,0.07626862482144099,1.4992999581220943,2.978969785795889,0.10819275430024207,12.800541834265415,38.75123306979692,8.28889339340704,0.11877361950206403,22.32903742843769,6.403184304307783,131.74336105841306
14,7.099260464270884,0.28588059349791217,8.04682759513898,8.211994608513686,1.0126568108294283,0.09979951129487397,2.5380799189447045,3.1426648318735366,0.16401837124504148,12.864688033631504,32.44222355012148,6.667313284940222,0.1277657762778582,13.900021989124143,8.909825041315885,147.91793462634962
15,7.075557727315488,0.30327536566382274,8.327092806291642,8.125468555976639,1.177646978217714,0.09768661224242305,4.0098508224441565,3.949411422827251,0.172354922214143,12.196088652772215,23.219074339054973,6.777538116163226,0.13508275018659713,11.073583724825474,9.711897430407882,195.85988376976485
16,7.039764478602527,0.3248072545885862,7.4728434162855155,7.630645978693805,1.6197509945364854,0.06101855917778021,4.474890460903657,4.50301868593356,0.14811814615738078,20.24628851633008,27.080280830276735,8.755852543209672,0.14927527459185702,14.16587688338883,14.59434723530594,191.01946367164297
17,6.986751233784402,0.2704078741177048,5.450770731924571,5.166556305796459,1.568740726897608,0.10120999842635263,2.981758736525172,5.074948404051178,0.133148154257964,29.401017417135904,40.06518357587273,10.4624536097989,0.1807283271551341,19.74102647816936,27.170637189724733,353.15246162823445
18,6.943909723553674,0.16767010160899312,5.694616054099809,5.4111835878500285,0.9763275139509824,0.11287330656806709,2.9059885653634394,5.470134172143405,0.13296860213601286,28.452198950824478,52.556095222170235,11.18344199091819,0.21800871406324124,30.40186952501561,28.526676734902065,220.6717487361143
19,6.8992999999999975,0.18863650634054568,5.417982242638393,5.350498615945176,1.1639508061155173,0.15074842064044627,3.0316211042173307,4.711182265323889,0.11848245162399669,28.386726477179554,68.62851818329538,7.733277406519284,0.25944828099157136,34.51817848977255,31.244932756100408,177.76470576161165
20,6.866292168543732,0.2279423758270315,5.228221879480609,5.416260523563427,0.9738076060108565,0.15023278391722422,2.5340196523504224,5.634299161864467,0.10477425242425323,26.045099527935207,68.07255832940601,9.61427700933243,0.2776592490481395,36.3289386103668,30.0261667763368,137.52497882398848
21,6.816364909661479,0.2669908057414173,5.527107188360931,5.832051756086585,0.6186446203521709,0.09897623532738793,1.875474822679004,5.128341215044966,0.10102040763218159,21.566115535105006,61.50828897264183,10.383345504390645,0.28258557739901874,29.58018531371361,19.957498391002925,209.27860195357943
22,6.779399361578653,0.21826845860216193,5.451659322339917,5.671015698190962,0.9184500161265703,0.07228265509913454,2.2284011132384074,4.912056438588064,0.0641010635326316,21.161531304285518,66.51128116257932,8.406869029504952,0.300816098017859,28.787962840361892,19.16458564397567,209.65292014703235
23,6.742137004320504,0.16745118736861483,4.601296300395369,4.956552246483786,1.3261689721612864,0.08534595612948999,1.8861601280045626,4.163053150464564,0.09485961826261236,22.35948345790262,54.6094418361553,8.673761428839635,0.33677342244512615,26.38548365281547,17.88062665736646,128.41631389538628
24,6.7130773554740495,0.17649723497038516,3.893647526921211,3.757136969900057,1.623672383249125,0.10489550408113987,2.7650215296051988,5.052027287557716,0.12496061117401598,15.300304102553309,69.60191197871764,7.8217888835996625,0.36210850597690736,36.17678570493453,17.53855953486398,241.28022283706835
25,6.66005882533,0.1175089121301283,5.033641533850237,4.6184460794721165,0.9836397579934875,0.14396739454479687,4.4116775298922235,5.608625652383262,0.09145007021708494,22.144016198737244,73.63219082925723,9.656519088824812,0.38891196946751405,36.7251764867526,16.486537243646595,277.5405908668881
26,6.613862820712693,0.13036982368621033,4.05180130432356,4.108271127634574,1.0620515971386082,0.1255949412935701,3.5705130247976826,5.211528646558994,0.08289019875548499,28.080929582422176,62.75567392730723,8.248983492687657,0.39420255115537073,29.058762759675126,15.941971879195169,206.45284311518165
27,6.573229915265312,0.14754677336796101,3.0111808065830656,2.866535176820496,1.2604738509899438,0.15744698558072834,2.90690446577232,5.596293470191307,0.0649945059681219,20.23478733746376,57.56422736770562,9.554901437254047,0.3984041123159202,30.11523967242792,15.04754925224575,148.82430194258336
28,6.539376586173443,0.17409176784557098,3.0398846713861367,2.556619419361268,1.2516870134229818,0.15559873078484623,2.653084368363808,5.925279479935924,0.05451287212030633,15.452179946743342,57.69316293721467,8.249651981636383,0.42431294344619985,29.699794940469836,13.19439986069045,157.86322650519438
29,6.489295405186351,0.1588536312957526,4.969574080150878,4.645755155959612,1.2309613922148004,0.11428036079939878,2.205427893714477,5.540042849986186,0.06767617320801748,7.905217771813449,76.73153668316334,8.812471118556221,0.6441335551846434,39.40093878728126,12.127315682316915,139.17769364246197
30,6.462779928727577,0.14483916467323144,4.7498761273820005,4.397116775267944,1.2882483759387786,0.0868424771495124,2.3180322793160357,5.253569934481375,0.052535848163963894,9.586572169823409,88.25053315322934,7.230079878716157,0.8827735651503307,45.50158699870488,8.980423430428578,119.06830942375854
31,6.420803680733952,0.1285962371601088,2.9772824593359433,2.8472033731964688,0.4791465129776804,0.07343062814107035,3.0025363288908715,5.352170574003181,0.07509752895888275,11.772021757390146,69.63189903004324,8.420942085685814,1.3664381118455622,38.487326316023115,8.486795585514445,186.6487441556852
32,6.3912357509248015,0.12283464453864652,2.895314989450085,2.256384336687139,1.4992817716332631,0.093938882682659,3.099919951350008,5.352404603930185,0.11677572044719578,14.86236499024337,62.29499937096501,7.8591611230458405,1.6756523555413525,28.69123763305225,10.022521556138887,219.95833168462573
33,6.360037918593159,0.09586796274148138,4.430579783211338,3.8394080900060197,1.0923808585979964,0.10010066615619613,3.9047356964280695,4.308336333290076,0.1346456396519542,22.415752592962615,57.536784833040066,7.63672590943942,1.821052623468889,29.856759536789955,11.998151424333223,242.13547684277344
34,6.323181769898123,0.15394926387962599,6.380048639184961,5.7379170592527915,0.5704115911714321,0.10916961590906885,2.4811683118125063,4.169448952529804,0.12614089372135445,18.889756497713716,45.17544231711014,10.539249356989709,1.3861018481183442,20.179366455040917,14.944310507564548,214.8353027480793
35,6.296819541234349,0.18337234495664773,5.828968132804895,5.267344292906367,1.265886493855914,0.10357120910755194,2.5666872702109425,4.393704273371712,0.08990570443289955,20.553194514419424,40.11662494617049,8.144692211343635,0.9636424406205415,19.937427684194443,14.433377176843097,192.42595242864155
36,6.257021370782392,0.1999341963070626,4.465839748144684,4.199449949188807,1.7255641178688297,0.09490000334570144,2.1971897141768166,4.62155287837873,0.07638803814509518,21.12259636809273,41.483655839766534,8.02918170246317,0.26173994255460253,14.152442918409186,11.29777614118463,254.04492337593044
37,6.198067183682968,0.1961622810073659,5.35906456924549,5.275673521583828,1.1665317424449697,0.09091639994128906,2.1913272981767054,4.58375712022413,0.0712512889518637,21.87638589952027,37.99312243237186,8.02934570977911,0.3911467741109615,14.527774308896538,11.320614969710338,332.5034352831655
38,6.166826674452982,0.18900795612194773,5.973402921872261,5.743248422508595,1.1331407059254315,0.08559367447118384,3.016331565899103,4.759119128357576,0.11014174518002799,30.78589570427113,40.205022572814244,8.029953246774399,0.5167719454580137,14.975875532615728,9.459479103110066,332.1088349236033
39,6.133891202463207,0.20311638552295985,5.708849740840709,5.447187772953427,1.564137824847283,0.06637660748280684,2.814274797580898,4.601371930181524,0.128876963052955,26.784097215453958,40.40746748357172,7.179749914466927,0.5484113238783417,10.480103281024716,6.99410226764699,309.35755422841777
40,6.100719280344513,0.19737359373490926,5.783943439369823,5.732269329428741,1.076904916987098,0.08719094925209539,3.826305831147611,4.383734712301587,0.10273079948899821,25.06816965982129,33.9695911933256,7.935761506778548,0.523717133820663,12.861405252560301,6.6591873034434235,218.1028749539039
41,6.067346103953526,0.17572608576850252,5.70458584911586,5.604313848471234,0.5661809494509024,0.13725396980861812,5.0604132906183,3.729673788043695,0.05892766978995946,26.96732382454644,54.000216805972485,8.852843121819769,0.47138905106816964,16.195352893658995,7.9217339277058025,214.07210475091094
42,6.032072868913223,0.21560124499935146,4.770371636166263,4.785239475269049,0.8594128746019347,0.1560117311703993,4.1438694954151565,3.5089911832568914,0.048032360980935745,23.911870784878207,54.38874684803253,8.194192595376126,0.40896871942403895,22.475239378452223,7.109851550458047,244.06162577303152
43,5.9948320266449295,0.19316412383735057,5.552164152482248,5.390479753103184,1.0289743148358754,0.14550958719278115,2.7244409772841784,2.8077244977697697,0.06628595269069441,24.192557384515588,51.674411281856166,9.817561876418612,0.3481060048163881,23.29865756536882,8.90822613180013,180.71631805446592
44,5.957324003606695,0.16002598858035322,5.577012611507405,5.258792968545334,0.9691690759111271,0.14250176028693945,1.6886253787549985,2.4089971337878118,0.07930728505694189,22.320153696446912,50.87025893300719,7.98093543242623,0.29563633059781547,20.34414514641642,8.740537974902546,128.17267601697867
45,5.9365639909968575,0.1772140566806814,5.324673789046188,4.965723850252358,1.045519738325923,0.12177668138648348,1.5813774136371983,2.222319256086476,0.07531600381394762,20.91771419203834,48.65659050311234,7.475673938062954,0.2705292491092295,19.712348429834496,8.446211018545615,190.44411678180944
46,5.894811696137233,0.2343847905202036,4.606126048259311,4.611973796664893,0.9386102685813562,0.08508836183823018,2.352591155250096,2.3442970464561723,0.05371619566170836,18.476214421720435,50.193890344567755,10.119962285969432,0.22980344334397265,23.416519621031647,7.619366451892218,147.97702112826704
47,5.85272746861963,0.2133294445214518,4.389382823153052,4.447277283423413,1.077524500575577,0.07140057134131075,3.914093744000217,2.980981223230179,0.05187903127375291,13.327067064715633,30.527600981308733,7.664150134265507,0.19608848623885322,18.910499934518164,6.307330589823531,225.1112415727015
48,5.829423163299706,0.18670853987208608,5.145105536055587,5.07150417752216,0.7829456343122653,0.07433571470365534,3.881438728620329,2.721017286303675,0.06244974583201368,13.297446529202283,40.11651171239356,7.169963447425925,0.17860509937901006,20.969196958899232,5.466040259382204,159.52627585509788
49,5.806019824366869,0.16878635294585237,5.410694512573077,5.293035489588977,0.7930158093980756,0.08214002405891731,3.4757625531437903,2.6817800822986038,0.0696301012314263,13.050949480845324,47.811516804584116,7.102890123428591,0.1609598264707519,24.016790316086556,4.6111528598363,134.06453032304063
50,5.758847580686567,0.18388702633452642,4.311147573852605,4.2685576505862315,0.6553830605934058,0.10470185545212526,3.1035342517022415,3.3865583781251125,0.08111148340059914,13.965654591946272,58.53616915140199,8.082740635339846,0.11554717554013884,26.62570906864249,4.853603622624884,134.5165826223028
51,5.735113676933862,0.17138967929386623,3.921900340637081,3.883987904875778,1.1921024113290768,0.13526157834443403,3.543103928711086,3.7492565512990694,0.07696377960887296,11.31844737821269,49.422625175870465,9.388900208461038,0.08557227120537156,24.702746667367922,4.233069819907155,289.3632279620362
52,5.687351268637958,0.15904498064438782,4.285057115233604,4.107538523715133,0.9735494634480686,0.14035989818375416,3.85906586325475,3.69883058892462,0.08338738687247296,10.391284408048595,48.877819825223874,6.677394845281626,0.014979634417986165,27.17827550626353,5.495713704266304,91.33857947101289
53,5.674282004200253,0.1602888087280602,4.432706698412399,4.294692349617483,1.359778042881306,0.13099242749780188,3.8048549364972906,4.040504776939783,0.08305596875654102,9.884549531907203,52.593014048246985,7.218843551479653,0.014392629964522641,25.764343314207693,4.670032149021999,207.8691378218676
54,5.63487750476342,0.1488618996311408,4.9096287492392925,4.738226833083496,0.8706047648179002,0.121444022204756,3.1840464429096946,4.142095868242649,0.07626898431916682,13.966220786717535,45.664145721466745,5.614407248500926,0.0692249385316159,28.878724187120532,5.125901460174688,186.11104490705657
55,5.607096887071627,0.1711491132599319,4.787715847578321,4.649342036857978,0.9881794702289654,0.12097623548960343,2.711902513558983,4.4111283133558565,0.06386916911556804,9.79863952281823,55.65619327465806,6.183888939772299,0.095715662803887,31.17247057779755,6.9761748520525195,232.5391056684251
56,5.563197273837341,0.17192146816257173,3.091862604566842,2.98776039779809,0.9378010392813222,0.0933093586626085,2.7931249321567244,4.188255882430668,0.05535402827633591,11.368432665147244,48.85173901123974,7.637151920709144,0.10871274873030547,28.96719392221383,6.065729178656597,181.14002685666946
57,5.532228479342441,0.12527227601715693,3.5210387560081977,3.398476821564926,1.0601821712459043,0.09689031517332568,2.2892459632943023,4.566470139685506,0.07799655949578611,11.757109441734443,36.09807279976626,6.507206724699621,0.10868202601748143,26.563765155378523,5.7309406331031125,159.36658437618945
58,5.499580009312712,0.09573561677682926,3.966512972996066,3.6950296356299823,0.9904858240082707,0.1024896375212168,2.8052045072135483,4.212246388140853,0.09321783555706206,13.120856759705545,36.07804455373522,5.637817350709821,0.11346912381147142,26.704385002094323,6.045461766412485,99.02924737114866
59,5.4667717357004335,0.11003054788789675,4.292366594731207,3.8584161239708004,1.0154410939364231,0.12135302840294812,2.6471843302117817,4.465801256340718,0.07507960514456945,9.07475416281928,44.86967027266871,6.4929059146399615,0.12366176242462114,29.378809563433553,4.940279876082393,111.56042003808393
60,5.432045810452904,0.15747083850123578,3.7587831300853223,3.395455937651465,0.9341147845894504,0.13182544870671492,1.9963313267095941,4.493917371013839,0.056436002213289184,11.559896424100799,53.81839467702219,9.082274319964124,0.13507880318980134,37.140282550912765,6.02105156541431,130.26145901210364
61,5.395473989249358,0.14803431181196985,3.252728812742602,2.9796471251570322,0.43115171826882265,0.12502618376095248,1.9823934490493165,4.26647802962397,0.03320751723998623,12.27945870687503,40.17932631297189,8.032169820923617,0.1400115233195619,27.782010666279508,6.384126803783556,195.2814861603817
62,5.377073878453867,0.12122734957210723,3.4944307808688135,3.2264327620279154,0.48161018693738933,0.1142302860403112,2.2636829873050712,4.455812097529397,0.05347652078850882,8.934364036490942,38.76258851051898,6.139030572083498,0.13636941069050176,25.3268272255773,5.723554862570863,196.4353361154412
63,5.338220697323426,0.11703463825008462,3.48560031252016,3.2113076535321823,0.514030691062392,0.10722186238578253,2.2132035900637237,4.408403941174802,0.08205723459993011,6.270206856600063,36.43859964169696,7.227662636357917,0.10541153332673499,19.263014337582025,5.454162817003908,92.91149062363394
64,5.297253698952362,0.12008375050338804,3.5660317832551045,3.406924766961873,0.9372136039596455,0.08764892661027263,2.5036008238800345,4.28268417700699,0.07561261236914736,9.35432548000172,31.37384807221588,5.8028153567014815,0.024722933172103338,18.772834266291763,5.478739329339705,163.7057790604906
65,5.276641111204341,0.0877845961380227,3.089154193668434,3.0496399348870917,0.9762398233151682,0.08917212865911658,2.560403889333133,4.46377686742009,0.0701392531751409,8.620417898110498,40.10497882912268,5.177820444596706,0.046468353971109384,23.165149015052858,5.653019521966807,216.20512492169416
66,5.235158502612744,0.08009281601414062,3.2315222852397296,3.1415713128912794,1.0971618780137273,0.07671379175550944,2.336359157099236,4.478257030488662,0.1065716998138154,8.418503336721022,47.64515832561592,6.353011076892118,0.19086520330992673,22.902827290645583,5.477197917472301,156.71886349052852
67,5.214323161439596,0.08876507861140763,3.5240267756961883,3.2435497926298114,0.8855488426321262,0.07852631181874832,2.3709349233460206,3.88673051224371,0.1000533867067619,5.68073495276344,46.69577380085606,5.128714739148848,0.2520564483184496,26.237811465579995,5.13509866917711,126.6381098237221
68,5.170266337889607,0.10852690170000956,3.5247533654225776,3.226012341257028,1.254006131359302,0.0743999116345119,2.4310662626492374,4.2917237552848935,0.03931711898916557,4.632524322608728,50.4112154585433,5.753359070281052,0.31713148005723746,26.472287447878983,3.955468180036967,104.2625363979153
69,5.147046563163453,0.10396761909728287,3.2773736133878457,3.0063382876756655,1.0779649686937962,0.07756430998381737,2.841915689349175,4.00963591742483,0.03913199061954688,6.428740902301585,48.9304110481274,7.035060747250871,0.31815663700626357,29.2114163355995,6.226534542978113,117.98382144086085
70,5.100322315894825,0.06668007720439591,3.2158415943764624,3.137803295878238,0.5018301639957454,0.11293373358418461,3.0206994217574605,4.241800083705206,0.04185898244250045,15.435379018617343,59.6744332847449,6.391659730712172,0.2806899122490311,34.196843576367186,3.521672520730903,103.92611490567434
71,5.076783952863184,0.09384670071733939,3.2756471900460213,3.1566937342746635,0.7786371981297845,0.09397750970679773,3.0544973853614854,3.9814090501851047,0.04783781438791641,14.22107001116715,53.09300468145753,5.729762832107565,0.2553069609635951,29.541865636547655,4.2305982387320675,94.42903042967606
72,5.024693916499314,0.1011382125289001,2.7727127598329835,2.451610055902715,0.7935857323127173,0.0977886326121794,3.1121018905534195,4.232703816689699,0.022929945841686207,13.342806249563935,68.13422998715917,7.104427254450013,0.20456109521309254,41.85642522447689,5.874889334804612,126.33896758211999
73,4.9984422681030605,0.09021415811169278,2.3907838091323854,2.0016321438391613,0.7531599258267782,0.08344086827532238,2.9741259096756516,4.276992445720469,0.0272958363481945,8.15153175756438,66.3948008028417,8.741760493963499,0.18365546261049737,39.88146903816829,5.230315126191464,127.00287885887958
74,4.972098961617661,0.07489398718562283,2.860063921481406,2.526155421484748,0.7502483740084902,0.07015274611717573,2.8566300467470525,4.050032179134712,0.049791118295020455,9.86404769540716,57.333292531422195,6.512603347210221,0.16536671481409318,37.00036453437463,7.420007185534715,154.71190710085222
75,4.945595796763422,0.06484592349229161,3.099025732567182,2.7380985559899336,0.6697461561317926,0.06469751112743058,2.487637773502027,4.207689596742288,0.06859867571775866,16.426239564438063,50.25392016810158,4.0024346852927,0.15007333597046227,28.412798302559924,5.604578084259765,129.14981546612876
76,4.892248159980066,0.0697585792696028,2.722092630782892,2.719800960312978,1.1712438204429378,0.06536523567131788,1.929287907792132,4.172387363773321,0.0731956626438302,7.945965392356801,51.015059873633405,4.734074843187159,0.12660969413114984,29.174049653220195,3.4787858786584915,94.35321269967363
77,4.862669314823597,0.08547254126568843,2.734753047746474,2.7739153982683984,1.0379431956709957,0.06608065485886835,2.122337728138528,4.2361849539682535,0.07149729301136913,9.457373165660899,49.657513057832716,6.006179575057833,0.1169144803728615,28.075638898033144,4.368322169643262,254.93048645545002
78,4.8487228759760965,0.09379560512297379,2.4048700978901913,2.476075448858094,1.0767471984347436,0.06977960729754877,2.4759762522286164,4.286540657467414,0.06650524438067788,7.468019319837011,50.05231698829288,6.669843075922245,0.11313964170219414,30.329816356389784,3.9628991213048463,114.9847874800867
79,4.806664730570148,0.08526362334490309,2.530046480278654,2.5013465052214614,0.8463518847227387,0.06715070820796523,3.207616027669613,3.883375515017221,0.0822486931457332,11.374409620997941,43.52838423772077,6.391500175070199,0.10472369983152513,23.90736114912081,3.227390183557831,180.48849553109727
80,4.778461168590125,0.0716850408758268,2.6831804106896966,2.5321842868846303,0.7502747824916114,0.07123489498503616,2.767614659738452,4.1463087923515705,0.09216435501424505,10.727173918271086,40.61958597921694,3.685236459424506,0.10065820473046759,22.334248119468068,4.818871492406893,80.66455773888659
81,4.720187077902779,0.07535943856747682,1.7969464067956142,1.8735189513193322,0.9564229223189175,0.08335217047440695,3.2025472145848086,4.037815926787968,0.05665514954539258,9.827246361021052,36.899071088095226,7.429868509584427,0.09615329085544733,16.902824651052967,4.951517256050747,130.7237889517872
82,4.622237616993765,0.03951363437066175,1.597129110589862,1.388486197892727,1.0477217530034908,0.14405374049809216,1.2090614933032229,3.615362925481321,0.04375612120435941,7.8815739689445765,31.941547123825114,5.227230814914973,0.09558599661418421,19.267338875591683,3.2107275007674065,36.074136162931076
83,4.577088592204344,0.07159204096312495,1.8904491123975613,1.8221578151187887,1.1589039080014911,0.10886010499288552,1.2247974976253588,3.426620472695567,0.06747158740989445,8.420989228171859,37.929788141075136,6.536596918549991,0.09967700559589082,21.453776462631662,4.131956610920248,168.42725660056874
84,4.5521323230353365,0.09599516566263688,1.984140053199253,1.889209267228146,1.0767387754354627,0.0809137512629297,1.2314798550799675,3.5737370571715785,0.08223606021787504,13.590338424867573,46.060535983762946,7.012596061049609,0.10290256195684043,23.61315839316149,5.178665606081211,133.54205117412437
85,4.501814915026364,0.06709486357203612,1.8126927955286667,1.7337347176943525,1.0062386031501924,0.033107077789608697,1.4819918913904597,3.6451236218214866,0.058395605530368454,14.086856754705844,37.351289214393375,7.977530218062668,0.11186612581805908,19.164123689934886,7.381394528915475,86.84530710479386
86,4.48942163564651,0.06483875685662709,1.5705960165508408,1.506341966062972,1.0317375842029826,0.0452796479491368,1.2614027647502941,3.7371311792139332,0.05523840120094784,15.507811218702512,37.63680282133569,6.857684476554295,0.11456987814154694,14.60725262279085,6.830299040018211,85.14955734783823
87,4.451988877090199,0.059588703472550984,1.7481569896262985,1.580768559672354,0.924597681643324,0.06537979393037965,1.8835785129679146,4.324284594461421,0.06306362892034512,11.70396844982046,31.281855529826704,5.080009855880871,0.12398682937821746,14.032364343867403,9.529343911046531,85.10227588252025
88,4.425636673797183,0.060128047411457594,1.4999460138733285,1.4861513982369918,1.2920504916857654,0.09020835373646939,1.826794457028266,4.730395096309736,0.06108627523510325,17.742989310643452,34.53794508584737,5.403305039526275,0.13155947787424332,16.566484515226616,8.234549325409688,123.55344561146143
89,4.384017668022734,0.05654440197023195,1.3393205332540334,1.3061690796918768,1.2859350621976062,0.11331342915095428,1.9199565822447162,4.605233014077752,0.06968230786257798,10.413681054477872,44.625066999627094,6.525559874272723,0.14619091282695743,21.293414508206098,7.592385907559235,117.96609358603015
90,4.356077168016793,0.059023408795795484,0.865897767526475,0.783011250301412,0.7578410037284822,0.124390147657843,1.4504987755433445,4.9460285279313565,0.06707212537793694,19.55876838761171,45.36675496420142,6.492202671909586,0.15750527577645715,17.342636727235238,8.5638820625616,75.73213098475905
91,4.328017673411098,0.06263801787691228,1.0238643689942328,0.9853273287028461,0.9454725481211164,0.12248832896047879,1.896942216743111,4.749637979815643,0.06301393206120023,26.92624940723559,51.785808928513795,7.098431787154561,0.16951574619961535,20.109409716410227,8.410688561086932,132.09342551325418
92,4.282832647088027,0.04817747630913407,1.3827907708467415,1.2404186729230264,1.0181131854968142,0.09786911343389515,1.3731715021250261,5.003669703827265,0.05982469772373232,11.597627484950632,54.23462168247099,1.5995723206943782,0.18929356636943181,23.193170157963547,7.87380222151805,152.55942196842824
93,4.251573740401522,0.041357049927121345,1.2833273660720783,1.2317254702343075,0.5979346809220099,0.07259355197731782,1.3703428323755724,5.138362873503626,0.05858841940712125,10.354202789808353,39.75993822126427,4.925140103942301,0.20240821995444733,15.796870006090609,8.110926716171846,152.5572579828984
94,4.218546832503941,0.05490005976406864,0.96041262435918,0.7984145647358589,0.8765169243946096,0.058231969405928695,1.2875971681147804,5.244203885673015,0.04742048336636804,14.028305602475173,37.21592148819523,3.3770770046583065,0.21132097005121214,17.410778346077795,7.918495972713835,78.56071168054078
95,4.1837560100917885,0.05676973338234979,1.347463170444568,1.2683347217808336,0.9375700661892029,0.08230060485513971,0.8207053803030302,5.201356119747899,0.04777795969146513,9.860412397196018,34.64392091196655,2.9386816087056604,0.2098528636914758,10.430317371531464,8.637931240998283,80.23289613813017
96,4.166252624258076,0.04998282251723658,1.4808846189341687,1.4434587019524678,0.9669923402890458,0.10079331399514266,0.8153050494867259,5.242553668597015,0.061134044469439285,19.49596073485636,27.25225278319742,3.21497472281089,0.20077271275401098,7.799307541532082,10.065680960159385,151.71511036905983
97,4.129379642199092,0.05269357660427017,1.6385091452254432,1.6211590204012911,0.6063546282029131,0.1546358254095192,1.0684748414427723,5.355935991771021,0.06504502977653637,16.001052340821115,22.05385434615085,5.047012474010313,0.14709580173975387,12.203761056749402,11.408851392454386,187.3238938392783
98,4.090517576788267,0.07162344266882269,0.9388386855668026,0.9669245654473393,1.1667743053790463,0.18452724606017004,1.0958456175428857,5.507829807097747,0.07662843220975799,17.07917867586871,41.91006740043236,4.9329000112008075,0.036840992181781204,15.865676829794353,17.33997692408024,91.65073871008892
99,4.051387253346471,0.06327466399294261,1.2709331828443513,1.0463443081338597,1.1080693840696887,0.18454565628129999,1.64988282011926,5.5048449281470155,0.06914603849633748,14.629011511397508,62.51740883848149,3.408529449750969,0.35397011051569405,26.578215674404095,13.351584682757304,69.35410242249398
100,4.031717654255528,0.057696242124498844,1.320547783435284,1.161432767635654,0.9394613464170554,0.17709862383069458,1.8215453797096477,5.4296074751113785,0.07070608517791763,15.917375024586066,65.39255035503913,2.1950502868578616,0.5992045186890897,27.258300419509254,11.72737631615732,211.6894268598126
101,3.9921703326700086,0.04694964261595881,1.4168975203246572,1.2922014696619177,0.7575234443648042,0.1628780405139117,1.6893226157911603,5.087778736592701,0.06591234101907953,7.960938734482949,42.793103837412865,3.8429917862427314,1.0953772809554403,18.98789222226544,9.545106903425856,79.85417606879525
102,3.9703123977296446,0.05064693190472484,1.2918328666842362,1.2716812616914068,0.8567481072168708,0.1425644513291409,1.8442797221751484,4.9617420522713305,0.05952288429573251,10.567019170951038,38.43127926339049,3.51379126311368,1.264364730110128,15.103544500826336,9.796531978052585,130.43856458469298
103,3.9263621640915054,0.049864969225873135,0.8296644776452826,0.812270237715407,0.9160529220903995,0.09827959758172193,1.1490599728057993,4.534430449413928,0.044160119140922216,15.35979701492999,45.06006367120016,2.070728418200187,1.2384271330234236,17.69721716254908,10.837608364911699,190.4894860592786
104,3.904236747925157,0.04371159474645424,0.937566683031623,0.823603371791793,1.1062451765000612,0.12285643118716769,1.3839436068034157,4.560928542720864,0.039721132549964136,16.129552343895433,50.55819494386625,4.874603094421154,1.07476260222138,21.67318430481804,9.898635898560942,50.85357076419334
105,3.8597869359163535,0.040518909515141144,1.1680792675635723,1.1023203982856153,1.2158134066331072,0.17987263877166865,1.4145424999900746,3.9948696310854594,0.04798196730429551,17.050736935854275,49.702464218573176,2.4844616998303812,0.6962309735640649,23.62332763542413,9.039127492004797,101.3434650249265
106,3.837429450196413,0.04156488485116515,1.2695597117785573,1.1210093838029738,1.3534305665762505,0.19738148228551128,1.2258321907579446,3.776530800164049,0.056935362784358956,15.553691953362208,53.87948090593444,2.783239171617293,0.6003834735579828,21.285588391023605,9.167073608297947,82.3910295401093
107,3.79021115421336,0.04889152923242641,1.3533386411807529,1.2011290965998307,0.6115683889830883,0.2255073023656316,1.770056456152026,3.6260042363797247,0.054852470669126775,8.489035847974758,61.74341264530947,5.651818385793394,0.6149404024846498,31.232861206600727,9.584510253459058,130.78268982937468
108,3.765320039697933,0.06657201643483575,1.3216222010800704,1.2184775743454321,0.6974617286491336,0.22490343401613422,1.7474923756894896,3.213277402060919,0.056567402537732424,10.980450973160929,58.24195123646754,3.4453454320872843,0.6284397649364198,25.2876620252214,9.547293506630064,113.28510730971006
109,3.7403442402838434,0.06886624841770723,1.2977016195216395,1.1435739478904374,0.7802870162634886,0.21933815784568872,2.0645671683400497,3.249177055543157,0.06993569042158962,10.196621349764264,59.35352079425911,3.9690230845939625,0.6130503504779252,26.411925563233815,9.900598723384125,68.89319743048232
110,3.6900396490094094,0.0421095929352465,1.1101497034887573,1.094652668083198,0.6910837541831603,0.1905404496529779,2.043516822036556,3.281425181237357,0.09128622320466123,22.999694107789658,58.24745494769846,4.296069584248896,0.527111440815078,21.836011978959323,9.325241915928205,129.63203001902076
111,3.6647448434540313,0.05134321632885487,0.8768226472934355,0.8011442833169002,0.8360545985954417,0.17953746209607643,1.8554339285672257,3.2383282815501806,0.07810992143430784,12.075206204356954,55.58646998597005,3.2547130742493353,0.48009519157576125,25.06596120982908,7.537673392081355,94.35896521075166
112,3.6393332294665535,0.054176037417599146,1.0319986379719939,0.9119105109434683,0.7394646118538325,0.18913250784676788,1.9568444535693064,3.2683781686783804,0.07866596682777191,13.258849326723425,49.08939644485444,3.647673571468193,0.4448630234531953,24.41655726124043,6.608072503203315,142.96258084149957
113,3.611243287317557,0.05490590795297885,1.2318654719561555,1.1104242468235743,1.1109831231782743,0.20404451425548648,1.9688203019285133,3.1994773748496095,0.08711187219766747,16.15126481747946,48.84085992825564,4.489429695506745,0.4292045292152442,23.768947959175136,7.988831268795475,106.55589127885685
114,3.5830408109660965,0.04593742849717054,0.9792248209696239,0.9709686437979294,1.0788429270285675,0.234892263363013,1.9009856434031498,3.1170792468644497,0.09653835350409125,18.65296510350494,58.594428111940005,4.152796809481472,0.4478068676911418,27.250442437170967,8.47516080118985,135.48267474682427
115,3.5406764130714983,0.044270696856645475,1.0225492835743266,1.1144328045468321,0.6374540894114807,0.25055375928524853,2.0581989860075853,2.719750749564061,0.10253773672928919,17.2458788733199,56.65005240707007,6.992926098473688,0.5400837552488644,27.78922976082542,8.67462667551575,141.13358535507737
116,3.5122938050100214,0.05798391119456851,0.9610221892572767,1.0999110417069953,0.9512985540994287,0.24394082549932294,2.1640837619943722,2.656886006944799,0.08720248689466395,15.252315262990956,46.19841867470263,3.798188568209486,0.6380023854485317,19.69825033335615,9.581891809488646,162.97028341826638
117,3.480915262767496,0.06537129933002377,1.1008657377491424,1.1452869960732823,1.1299854853576545,0.23400413980384652,1.9011850244791595,2.663802228455287,0.0680132875053694,17.203365586072135,46.76836995781434,5.414077080610922,0.7551101470590279,22.60217988024586,8.662587248589178,101.46073674609075
118,3.4493642568072502,0.05194151934501497,1.3727491997813472,1.2100774430880183,0.8573697476403159,0.2333336382076623,1.7984574999532668,2.8881562253051,0.06360763606737296,16.06129091317777,57.92555671036344,4.89083364271128,0.8285653142083221,33.21078687220297,8.90301325806081,232.61713645478534
119,3.4176414378115427,0.053632696288166394,1.2545626067761426,1.0980279812603109,1.020439246280398,0.2293944404216667,1.7332404582906609,2.8152764680062434,0.07554401816356092,25.809034466844174,58.69012795261638,11.607196251930995,0.7665346732799679,38.5995285289411,8.70660454710883,146.17365346810473
120,3.384160105599035,0.07467820598830119,0.7981841837391336,1.0009756182922322,1.1386876884746164,0.23153994653334803,1.798430778558603,2.9447733521566524,0.07819480327410083,29.32184423978501,49.09422071939044,7.27967237852871,0.5038833882865956,25.11166768865883,8.10165392713873,144.80696076410848
121,3.3488592409068514,0.07505438336747655,0.5289691815263825,0.7310551057584508,0.9652251235531297,0.24155525049690568,1.6493652176717035,3.228298647567274,0.08278681606841151,17.90320804782145,40.649584162271694,6.358801902178745,0.1797401668202744,24.037128461659904,8.06785511054009,139.0181927243022
122,3.313394622547607,0.054338709557370454,1.1454013439176358,1.1033371186643948,1.0471812897270054,0.24299539182500512,1.5588953915121448,3.5661009905597396,0.07177646047790012,19.002061303927256,42.3218078717366,4.4559655582093605,0.013013908112869739,20.26192863488325,9.599787754898628,159.21870269778628
123,3.2955764075645178,0.04657045516891679,1.3676550923968978,1.3440400079155639,0.9922587118746623,0.2387623436546913,1.409188373515252,3.6393614266087924,0.057331021517420346,18.90620436683464,41.52830521721103,3.8655425121183913,0.057972625316076325,20.603326316946596,11.002510678631504,158.52166261960542
124,3.2597687795980548,0.061486678572687734,1.5666976124214098,1.5882436867983598,1.017012454182584,0.22580700314553082,1.6246455950848044,3.6914281858872626,0.06011478349683348,22.017835509077887,35.124806722395945,6.510086205377847,0.09094391440098859,17.49449201195427,9.074028340041323,135.53330541711844
125,3.220194766662841,0.08523064248186635,1.5285843281595957,1.65327153433031,0.6682727454101783,0.24240125851575395,1.6699700836960563,4.286530936505078,0.11473920607933434,13.131240271052972,33.51058517188402,6.533430574789254,0.08599731487009077,18.869319458788475,8.084908619730877,114.77305898361388
126,3.2002516129970497,0.09981526994289677,1.6031950202489114,1.6775417206411825,0.5385598051454362,0.2540680663428298,1.6170893844681806,4.237541027959005,0.12609896354340233,18.143173076003777,31.320733593166274,9.076574744178023,0.07816278084900818,17.29034524605306,8.364169058254511,161.46908891949855
127,3.1602677614677805,0.10876897392437379,1.4804750641632467,1.451584753150618,0.9797241526555845,0.2356019977147068,1.970738980354937,4.532329663516675,0.12278643068416342,15.937478636965311,27.310869007613004,6.015866428202454,0.06070165851733973,10.342681407827056,7.4655629778992125,107.31399754396205
128,3.1200013903966006,0.08446219490467084,1.5174333612185082,1.3594716598021606,0.8083284927008514,0.23456358986271458,1.5088288161132055,4.909354417679644,0.09985284089054111,15.926188344077291,30.49664782591508,6.979543065229457,0.04484832785210667,17.611054391934683,7.640999641080087,218.85494260467584
129,3.099787303245713,0.08437696407976074,1.841145810577633,1.630786790493469,0.6877815476964173,0.22986470578244855,1.58876851936937,4.916749630866263,0.095761752642554,19.895636897666627,35.54515510274687,5.133305527178675,0.038004167724292534,19.13655885645917,7.531027359025576,169.39095689504626
130,3.032536332071169,0.08586261156094036,0.9666840472139586,0.9997817016851395,1.0744337166425548,0.19471051643371087,1.2452641524298258,5.368382214602984,0.09770024100654265,19.888944569842653,31.680130227177482,7.090375511719463,0.021961769807965565,19.971480134567216,5.950975111654667,194.88533815675473
131,2.987318142080252,0.07080929641277213,0.8669208745949358,0.830005004261022,0.9793243085218496,0.19280739762013122,1.149236303882607,5.144638290449208,0.06369162875792977,15.252927203380803,22.29025517873389,3.8244221014816677,0.01801300504812043,12.864195192700183,5.574058624303864,132.6397492593205
132,2.964568325761885,0.06214179577147255,1.1713637804908559,1.1324340471256518,1.0647512128348922,0.20449506845139304,1.4257150672504957,5.375620617808956,0.051895287290489554,18.011937507089634,29.882824363531466,4.299094763980594,0.018260036323925012,16.65993685803636,4.908787490829705,121.47906173140755
133,2.9417685863907828,0.05135820286272759,1.6155767261142224,1.4693984031951923,0.9622548164807906,0.20217660822956324,1.572651763485657,5.125508398364761,0.043259378439058103,15.678713230172516,41.73308288425924,5.226817623231773,0.017379227541056867,21.817681944653156,4.326395834140167,131.30788346034203
134,2.9044341091206314,0.0695643590766567,1.8259138979835907,1.6672584314466348,0.704781901876427,0.20651955021559268,1.2649680388494127,5.218599008235609,0.05918346397398337,20.96379752084528,33.25368581729241,7.016187773405364,0.020912983470177855,15.764945224095266,5.496737979045084,179.6299873877939
135,2.879459068881067,0.07098453959350645,1.4552454514530717,1.322739531038331,0.7017193724910198,0.2019201148747572,0.7620297948714992,5.035620423293185,0.054003555322633956,21.732204530472163,29.706199124990423,4.891890713890638,0.02388317474983067,8.210225308845715,5.754848135569022,181.64325287009035
136,2.840501774017653,0.07314919707415563,1.3129294584651814,1.366232539138261,0.8352213042098071,0.1991423897944566,0.8110176792015628,4.988270634448727,0.06195670896715535,18.511350951622465,18.479641428660774,6.417860743232938,0.02881402814919353,14.757499001089801,6.782522905604536,88.7128891684598
137,2.8127777060410555,0.08289391231624746,1.4757088205549533,1.5474642404074426,0.5782174887111962,0.20064182219062085,0.8312305194538597,5.045161158566022,0.06097826711690814,19.280831249150427,19.41113533394803,5.03904571368765,0.03248897051006569,15.080523238854175,6.5478264526070715,187.8769382621953
138,2.784817132151856,0.07658317947250587,1.5949893307468685,1.6844731715092096,0.7820764047544775,0.20452904797822252,1.2151390936412443,4.747725787254902,0.055819052007883396,22.75642841505578,25.81182543024574,5.26821371637596,0.03634999454560152,9.572447143491447,6.639518679475563,87.27825308692033
139,2.7427265610184968,0.06741757244523287,1.4444253920487458,1.4710581434157157,0.7867827743827689,0.1993216426528454,0.7622303734123205,5.115591068969574,0.04805666960610656,18.316284280119973,30.658990282388316,5.434220081969719,0.04219801886510991,14.37707018213532,6.209710807104518,204.6720407666627
140,2.7117133543835266,0.06027030543623648,1.2670404117303176,1.1616259739121506,0.7669434641307632,0.1900643669773244,0.6004862586222773,4.806611294895089,0.052584894286967464,13.53113420561597,33.17088189343112,5.785055708253986,0.04673972367145053,12.426713629615671,4.794038176416237,127.00227373478783
141,2.68053568833356,0.056634212190113574,0.8665775607003352,0.8828745802159721,1.140903025609265,0.18680129052034408,1.2330993886264587,4.564713794902178,0.0569893924629329,13.368982789005617,30.33196805140498,5.253013259720397,0.051332275529099074,11.156132283669228,6.160156242448353,87.35285778386097
142,2.6491942320886306,0.04654718562425105,0.8060356687547927,0.8716993814652969,1.0560814980430995,0.17890137727486716,1.1406737028567697,4.700063876065252,0.052452237893864696,15.197926165043077,18.71423398849157,2.92026838557503,0.0564983432046875,7.053532479812474,6.466676754378358,132.67199749155532
143,2.614521529925911,0.0383594796543952,1.267407743189414,1.325567107865735,1.0494508217420302,0.15713497357615078,1.4942320685636747,4.545745474946723,0.05710635533697515,14.068180333584284,26.886494130339184,3.9585483288336163,0.06263395777269959,14.131893161987213,6.671628124370594,112.01890952915176
144,2.5970701812222377,0.043592483342909376,1.363055657831131,1.356839868031152,1.170778073192004,0.15564745657435203,1.3218597180502505,4.370662740395551,0.06343882699708049,17.853773546050515,22.250565794801318,3.7409262994829806,0.06591303115149974,10.987769114094919,6.183076881122425,104.92848118999231
145,2.562131922884664,0.06911358420436296,1.4575159114416734,1.3653035869127195,1.1083349499719533,0.16203584114487363,1.1598396450121404,4.3259849944722735,0.07484126259455312,9.710058629821678,18.43242580370019,4.092246406620466,0.07314735437722618,7.380638523966752,7.525516927441589,120.32461105062112
146,2.526974675067546,0.10092686369786104,1.8278425935182447,1.736348901396552,1.2069829029437522,0.17508144843153095,1.3996658399060165,4.039884228244546,0.08283490875467575,12.905864629167901,26.29509796410727,3.7195391424383595,0.08123734923226243,13.067495265374006,7.408760121636261,98.45141054990847
147,2.4916638430941767,0.09362779098152327,1.9202010491438852,1.8749849471352174,1.298194807560903,0.18184818260410401,1.7177637217553687,4.0751429482302015,0.07275105300589094,14.118520717540505,31.34291107759919,5.930928880201877,0.09012962822191305,11.581372493234273,8.465839857600452,89.1000734856673
148,2.452533894244416,0.06895740982451008,1.8119441768046767,1.8261255117739115,1.0035728768623915,0.17812299611286003,1.547166779529392,3.8507511230045304,0.05356849566698855,11.480579214530819,26.265002926948178,3.399485245120836,0.1012099950299686,10.209379224026279,8.3978660485859,147.001800468366
149,2.432923249867974,0.06361537180538154,1.8467320313586573,1.775082719418074,0.7762596032214077,0.17485541575980124,1.5915038832932764,3.8802458381838876,0.05596272201093111,16.999561507683243,23.662078366843062,2.7250763493842527,0.10746310113592393,7.386757936321291,8.466546601175033,104.03628684399443
150,2.3934185607529006,0.04440004937085641,1.7621611877061532,1.7952579906192927,0.6733316073674116,0.16812579825673984,1.2212843339088175,3.937929651722361,0.07581636230120942,10.803513737331095,29.158702097865064,4.913747553402098,0.12169863454863293,14.018375525728823,10.093881163028122,76.49385917794565
151,2.3735891273313907,0.04980896990663976,1.4806754922306173,1.5211006659592639,0.7167530513079783,0.1618547367220376,1.2668548678435918,3.811101766720303,0.08494595938303742,19.276091670727133,29.51875689374997,4.39300036515518,0.12956196259600797,7.858184869709433,10.929906372168277,85.4738131299937
152,2.3337768208667296,0.0574170670589184,1.1413091479275697,1.1353049649844764,0.6310292625613801,0.1367856293418552,1.7411249566612341,3.703540487687089,0.0911027636081271,14.377405209700225,16.315586521779515,3.3274659507054487,0.1480803471947908,5.831027204437743,12.847880857322258,119.08386457243095
153,2.3137302192753904,0.05699579686576384,0.8667500642904645,0.8976177078983824,0.7578973630720623,0.12933451578503968,1.73792613438733,3.754318216165788,0.08223718743773735,15.651483175382825,16.446939749864907,2.8483333820016306,0.15844875032536446,7.3525742922557376,13.354678588336396,122.52268380070869
154,2.269521171742096,0.04049476288326166,1.3880839726613128,1.2027683442107764,0.888814506799046,0.13071336684729407,1.4813049711808057,3.6114772801787938,0.0423843028239651,13.721010774885485,40.250054273265846,4.2725264920497015,0.1835843654542378,16.812880587532653,13.54309176271764,79.83457221384832
155,2.224930415431526,0.04682259575943336,1.5350281368934686,1.3625925169743653,0.6104773957017656,0.15395285691607613,1.1559500065699004,3.625966456894576,0.038671383049656005,8.077533039314707,29.09529139395154,4.679371510039894,0.21016879655706205,16.464058291809724,11.221752859173698,73.05096754827916
156,2.2025324624786755,0.049927504110560794,1.45009669491467,1.255517432590612,0.7126711521443426,0.17003293964831132,1.2530174197075798,3.761995322423818,0.05914285983265366,10.608118526250681,27.256619931140655,2.1966433875602345,0.22643900742158457,13.468250390673129,9.861187912626177,157.91328802898707
157,2.1800876680884858,0.06547434474295524,1.1723850484952834,1.0277789189169,0.7772708244143111,0.18267587214591846,1.3076109128787878,3.808157825078516,0.07241992209686102,10.287006780654055,41.17971481654538,3.650730099722826,0.252645585235099,22.37231461211056,8.305961113988376,130.96398293137983
158,2.157532515481736,0.0648191606925102,1.1032923492729052,1.1089452637047463,0.7196146997643476,0.18545235259292073,1.2961727405923356,3.6305896491853646,0.07748565319940046,14.329603772199668,45.90930091341958,5.576710607970368,0.3014252210053955,20.844210953199347,7.874277462739877,122.92369680939333
159,2.112219607618881,0.04930431677506987,1.5887645105592196,1.6284363634602386,0.7539043378195384,0.1728239623722522,1.3946818174285236,3.5295064150126985,0.07307654039918646,8.696497336591412,50.863542851698156,4.752627217264322,0.503292579375222,26.53942362555904,5.267052004186391,150.97379035093834
160,2.087111301115557,0.04627701394371364,1.530581803399511,1.5136812336855954,0.6363408110962567,0.1652656163136588,1.70796336894576,3.7414939618411003,0.07936802021841557,7.804592927391454,59.45506334923631,3.7349961785009254,0.6480055967665367,29.351216126302354,6.070093953291019,142.43285548679341
161,2.0619610942752065,0.037916615439698445,1.3478735722658666,1.2257224109413463,0.748412474620151,0.1566852939395341,1.9394540689542485,3.6933658532043117,0.07644759566441736,12.765745860645957,57.02483380604375,5.2627164248186835,0.7328909477470542,26.770317613342225,4.271340991233844,155.63133667628367
162,2.0113456725416192,0.0461668594206868,1.080381642369836,1.013846035904971,0.9417385979826742,0.134334130432635,1.852491647078955,3.5670982996561422,0.05037786371842916,13.884034958723426,38.35192863616159,3.4117609270656346,0.6105964554863075,20.13647292526035,4.42000844037708,188.41277461101484
163,1.9603127121682111,0.05158572100089008,1.032764611632901,1.011209444890272,1.1498852816809735,0.12011453147075421,2.0016858853830675,3.6777272457595003,0.0509895366594002,12.680062971189836,49.73475293048826,6.076614127611144,0.41202409026684844,26.68185782053406,6.053897703050165,95.98746623220764
164,1.9346405898490333,0.032462180737107646,1.5446317832803778,1.50492359173283,1.1269366307231619,0.12595257200570348,1.8796990845159673,3.4397279781736088,0.07300663212579347,9.36889429144053,53.49021473844056,4.474346636208443,0.25357871883929983,28.48578360571004,3.654483143650485,196.17590630007342
165,1.883050037737778,0.06218749465265746,1.675494870598301,1.795554946515719,0.9242668011738335,0.17217561911153254,1.4165995169741032,3.2265069249684553,0.0935969210543949,9.08930316209744,47.8339207132228,6.011021951396,0.170059108387006,28.709134864083637,3.9446138617964794,190.79601886050537
166,1.8544850560257515,0.0746703854790395,1.4090524304009722,1.4170412354405335,1.0623249917132658,0.18616001279772404,1.3582326081572562,3.1072959625567314,0.09559787400358818,19.441282153080063,41.527359188209076,5.347777378122447,0.32039652366191823,22.547654077850275,3.803753039233663,157.56466635120267
167,1.8257600052573768,0.06098389968438402,1.635587883957914,1.5316024620943045,1.08280280003172,0.20336134564744754,1.4828049249495436,2.9290303047184767,0.08925219155881166,13.19311857405983,33.76915122397449,2.5659435385422946,0.4102167384788253,18.819378539117533,5.010523130012521,165.93254906237877
168,1.796938407859891,0.035225946228177804,1.7274889790129406,1.7224115961011008,0.861952210818095,0.20298953656873917,1.2813547976362243,3.0465979283403133,0.09141704879431582,19.47745561912005,42.61773526132417,5.611632472091723,0.44844182634972807,28.502482745502483,4.770195537076164,251.7708416019548
169,1.7679578668133151,0.023528280265268382,1.871346133947822,1.8971036932875738,1.1862402721678538,0.19236634952078274,1.2879559935487934,3.2662716671802294,0.09842844475119114,17.16585577704835,43.58396079654538,6.716068281483087,0.46393380440847237,27.69832378172206,6.335319136561126,201.13836079820211
170,1.7388817816783195,0.03578248978374897,1.986485990600525,1.9822468367153214,1.196706742431873,0.1759245846993946,1.4435419135714895,3.2848278696721827,0.09664986324727018,22.06179342307841,44.034355812094454,6.611998355694134,0.4729179619506066,33.89202515674772,5.511482691244236,155.8194071201925
171,1.6803821053718089,0.07445243562635644,1.3123273068401164,1.2469135428295561,1.458380868669892,0.15496506895554576,1.038190311868687,3.4686248272960696,0.11426220607761603,26.33356946012939,36.486780770333404,4.495440819174624,0.3741634614045609,24.48138441898669,4.906471007979835,151.46417900280278
172,1.6513349419549357,0.06383086637733223,1.5003398414744717,1.515510296031746,1.4350349374204228,0.15170952530755125,0.9478968895212632,3.749080277098718,0.11786707820227411,23.095507685488833,35.165995162200126,7.272296516918923,0.0855357006717352,27.388913349560237,3.885522628460644,164.9636106883115
173,1.6221933386695184,0.0425025608569484,1.810046189973051,1.6095562048916243,1.4124445162231622,0.16059056155890397,0.7901253460103088,3.9499597260665444,0.1064641873408099,16.98720763874147,34.48542714003014,8.713344597732464,0.43649798605407597,27.507779210363143,5.395316154168941,186.11510568740994
174,1.5913968824946192,0.057610855963927655,1.9729538452997595,1.826170985505921,1.268396881604206,0.1716669648452177,0.6936088307211297,4.217200092474787,0.06907034858252128,27.902798849857327,36.329316901969186,6.779190247848638,0.7171579494517184,30.66612618145709,5.483651090546588,165.27496379078002
175,1.526482000440085,0.09605356671469958,1.8115500144107355,1.976424571489821,0.9014775427906393,0.20050633926153533,1.4043699250345671,4.5492987380167955,0.07418045828666722,21.437119695838174,35.65809920668074,8.090680919684763,0.5389970970255621,31.68132254367664,5.281074479658442,125.89571066296972
176,1.4921852356211271,0.08935177812512636,2.0883535483197795,2.287082306256315,1.0070364966689433,0.1937979850296478,1.21271626205206,4.859497499276879,0.07531774668794981,23.418679610204116,37.217715401266894,5.386843507982452,0.40378554172887576,29.158008536977416,6.782926055152817,147.35884257977833
177,1.4740895780518706,0.08685746682350583,2.251317236424028,2.3102001099333647,1.0548298731368053,0.18655991557686796,0.8618483966701408,4.997311282865477,0.06869462459218954,30.095172207920545,41.42719762482136,6.619254653291698,0.34664929957474083,33.57833667572755,6.094389070308981,220.69694149108415
178,1.4378104691953375,0.0948571538465673,2.231378026680487,2.2999095265242464,1.0942333212351314,0.1662970695719836,0.86600025003014,4.948030936257984,0.05736382220556261,27.605521105929316,42.52311911909573,6.398919059756399,0.26132465230224644,33.74000766563765,7.113737423159139,263.7668244493767
179,1.3995344473201283,0.10329000944275339,2.461730430043423,2.5082352500106104,1.2005855991808845,0.16722971874982195,0.6456129816080978,5.032152334871827,0.053350994337118686,27.496321175656757,43.898222789059794,6.174905900900684,0.20220524623556457,36.63769856998722,8.982146367790968,249.26396229487918
180,1.379394815045762,0.09956122058318025,2.527443390050899,2.5378941815546576,1.2481570165519802,0.17700013761928818,0.741360075413435,5.064919214337164,0.05408112697924479,29.85703538650631,37.80728183922378,6.315642948397999,0.1798320029585389,32.66820308852356,8.290826055592959,271.3346526460419
181,1.3389136775111898,0.08980518515884998,2.375801988287461,2.449547254566675,1.3610991530218148,0.19723092375158902,1.0017767945866225,4.976921542398778,0.0554008007368233,30.632287330604004,38.90377456006942,7.354540775076873,0.14618358739771903,35.948333409717044,9.811856704489427,145.52404013581273
182,1.3186343746780445,0.08616064910911672,2.2607241299851415,2.4526641430226634,1.5966088439118071,0.21059814168278024,1.0090042773215349,4.932874065172736,0.043544373304233434,33.353350966392,39.53037335492961,7.990556605643981,0.13395763002142794,38.06092975483557,10.210293017231521,183.7111718453161
183,1.2736795703077617,0.11062682679697597,2.403184297433674,2.6067605339166104,1.717815758971361,0.21753619470875898,1.2674755337173775,4.915742052794004,0.06107028746960077,36.77951850387697,44.97646923099737,9.316179460239097,0.11425245906242855,44.31612563216257,10.784307419136079,241.2017958382478
184,1.2511075261369928,0.11936704372025572,2.4334199480084093,2.6706553339944725,1.7277619298727633,0.21189645111463845,1.7050500365305012,5.017236111393069,0.05843553951194218,38.289867567295715,46.20425419233658,12.083167745221516,0.1071329985498385,47.5079859184433,11.165190566702808,183.89846602238052
185,1.2284316259411128,0.12724436031633585,2.602164610414621,2.8227162767591887,1.6438259905419745,0.21171680933713466,1.9677012191282572,4.8299605794499625,0.03900155575394397,26.080270030690546,42.66980132592292,10.293796315822876,0.10119801329503472,38.75525978066701,10.097345556365179,150.2141362015415
186,1.1828925623151108,0.1282331557276543,2.405800120419599,2.5945761549100537,1.4724601960565875,0.22218968108848575,1.6274812678830188,4.644684694517883,0.05302112081505321,30.026024931231397,35.73923617670722,14.17157087862453,0.09246965960294229,40.063959515333934,12.609397195998833,250.39926639441475
187,1.1599684223993911,0.11037409897740727,2.3482054518356668,2.4120906734701544,1.4120065898357579,0.22854993815851507,1.0919076881907093,4.449435704126637,0.06459294721294108,27.274318137126212,37.82607753606929,7.9439875049723785,0.08923408708681851,35.358098436117146,12.70802862753162,169.69715384835624
188,1.1370030372074371,0.10023418807600074,2.2923785933829537,2.27105947683055,1.370983370743004,0.23015537649919143,0.6242895351808775,4.335665359526929,0.07232925326848494,20.897350528283784,42.13024610127501,8.763196500952384,0.08642878159441979,38.07544350832665,12.303699041238621,212.4222595622535
189,1.0885598576131272,0.10840383351787897,2.308433299608973,2.2502981948469123,1.3030776293849775,0.25256526014511926,0.6024919616549733,4.175482047661838,0.07821124729796891,33.76991666219116,33.04259956184308,12.205410768181425,0.08140999515058928,38.187607649686775,11.985786259402882,235.51280619397556
190,1.0629644951974877,0.09972218839327193,2.101543558742852,2.210947812956225,1.3178801104402087,0.26236357526394494,0.4781303450929565,4.071374974781747,0.06867672334749102,27.503806737838,33.59897760798403,9.697866634029332,0.0797224042862813,36.03127658390422,10.79415317845847,130.5081454988617
191,1.0373333408983232,0.09737367879476555,2.0095506992133743,2.142943205202208,1.562969677948903,0.2645158291615993,1.0651529831916948,4.158086794062193,0.08242394340240851,22.40210418345875,32.71086491091245,8.010877844177282,0.07844560023361241,33.43085562550043,9.391101658425379,170.07879769221464
192,1.0116055126964891,0.0865454597706284,2.2328770007559777,2.255464622485706,1.6141928144610866,0.2591492924012458,1.2340337458133916,3.97260544516716,0.1152386094643639,27.51540171932523,26.879133224361375,8.454700454301117,0.0774110072187776,33.765618823950774,9.843148283134838,145.5588795228797
193,0.9857813933188329,0.08043937104826557,2.742066501172029,2.6890067919107032,1.5137129198327817,0.2526515912756427,1.3196648016870385,3.7882287115270357,0.11765822387592333,19.192325721350507,21.618761069714964,10.674627645598832,0.07650500422261625,28.384259889297365,9.140393101080564,111.61011680590893
194,0.9338458197560904,0.10621311269053997,2.5791324815719157,2.584452797288483,1.7933180922807055,0.22987920904518436,1.3024654389489743,3.837277255601621,0.08310499147779009,21.233363722403304,16.334283277044182,11.233819607550156,0.074995234110308,24.43338312786356,9.763739271198252,220.5807147040641
195,0.9076743060215976,0.10750464197818639,2.4846969047116225,2.5985606509612937,1.5844693018631695,0.23283873905022964,1.1957115628702997,3.71736302157075,0.07161065764803928,24.9157351346175,12.624925300108522,9.113766543291199,0.07437459739326166,23.678206574015732,11.366067933219034,128.38367541518446
196,0.8814689430246716,0.10295993373765364,2.5171111188821147,2.654801136917494,1.4249636700831847,0.25349935466417745,0.9138824033783208,3.5190629875859427,0.0718414332150138,29.65834987064911,12.38303161606618,7.04457927563753,0.07364691908483949,22.359016166238984,11.201125997729486,91.75568064247874
197,0.8524982665495529,0.09235987223708916,2.131477408623911,2.298544489055754,1.4509214280918594,0.27504018794931,0.8700780699384152,3.584515160410959,0.06765975589648937,18.846023114523067,12.1115296857284,7.786782343891887,0.07265051224897334,13.791103337250616,11.548559658787129,103.36956168097153
198,0.8233788600331238,0.07926411411558967,1.9637391060665326,2.096042766445972,1.283719472457771,0.30076841636240126,0.8257060573461507,3.478914174439776,0.06247084010434737,21.393889479955437,21.4523291084298,6.46416151018638,0.07128202315088436,8.223779798071023,10.425738089241797,234.81003160241124
199,0.794171930422948,0.07159822830975984,1.9218312199314116,2.0057037016108383,1.2695507427117487,0.30727752693060373,1.0313573540485872,3.461497331118193,0.06722121386685027,22.79209721001475,30.60529237656703,6.122594483090299,0.0693916689402,8.5925561717532,10.217013231969112,164.19088415910812
200,0.7648174264279408,0.06471687699474814,1.7427380021479393,2.017273467493131,1.349821230648913,0.3104388230300625,1.2924266325938862,3.6634420169433164,0.07149995637056969,16.409217091716645,35.3309743574725,7.243187526911077,0.0668263227789417,8.043528016785217,10.011759885989255,188.91039256295323
201,0.7353160006453141,0.0643991368312809,1.8074351572727168,2.0133834747271786,1.11292781055449,0.30833048207141556,1.4332935356371121,3.7549742942882345,0.06530639884362957,19.81621179958646,32.39543118095089,5.63193354746482,0.0634091823896827,11.711891148661964,10.963646273845029,81.79681860150284
202,0.7057286556549318,0.065434011067781,1.5683311145911945,1.9673850284383902,1.077207107667515,0.3094186671358381,1.702500478461117,3.631260731175151,0.07122774289464971,17.081952802294698,29.22094994072093,5.75971627781689,0.05886136827212692,11.739004389609347,10.575983229941082,191.9031482404412
203,0.6759955603324528,0.06160304738995257,1.572956765405826,1.8690246705436722,1.1826832723389356,0.30598972915872696,1.57416240966811,3.4127939962779053,0.0839920168233113,14.3279149124666,26.43026865635869,5.589539139192889,0.052186705768745026,8.477926308144848,9.981276817460884,73.21327690110424
204,0.6461173762670658,0.0633245047208659,1.5670937608160322,1.8477687290186442,1.479074312030288,0.2921193654117573,1.3079443934796289,3.4619042176535837,0.08326637942510176,12.867464399958504,20.675906698870936,6.134936304105601,0.043031380055892056,6.293264999175016,10.265182731081461,115.18086602201328
205,0.6131486197814819,0.0545889402921292,1.4305090482692848,1.5945173420550038,1.5895251213245902,0.29971421360825595,1.1796130968020542,3.4572972111111104,0.092017930617146,15.690421422405842,24.692368311427582,5.430404895576167,0.028966855311500932,11.151001891779542,9.708001427631455,75.68687813927089
206,0.5799836130857816,0.05383108506868384,1.1462881185613925,1.299945769637454,1.6714100892196668,0.32059879305422756,1.1617533563255615,3.5126472983152133,0.11005552405556325,8.684256969464435,25.598703639871733,5.815927855825254,0.009301685016888484,10.30127971930861,8.740707147911351,113.9861435849531
207,0.5466832990887749,0.04701914623962924,1.2619382746267118,1.3440724857652153,1.6235123264196587,0.344279171143084,0.8931621226572446,3.5792143168067225,0.1036965924586577,15.406462084172658,27.958645200589668,3.745883445505076,0.01941201556186196,9.323440805949545,8.37836751178241,196.65574802390128
208,0.5131885432006982,0.03660144626887381,1.0764160191633667,1.2528976231802031,1.7630974074612324,0.3610806316529593,0.7503622739635265,3.4516783447783688,0.10786673394984543,13.368437697634269,27.186135412632257,3.0966717269372146,0.058724003436699784,15.308082269653513,8.468189422841727,219.4966874669943
209,0.4991212178044133,0.042021969624848596,0.8318241402349473,1.03348063325774,1.8111762840779657,0.35949484062642434,0.9013844321648993,3.4382019109205877,0.10460963998868796,13.056661028469685,26.836083862021955,3.9545174745021323,0.07881648524485103,13.49150297275463,8.351396864813756,154.81059732439357
210,0.4709510438215574,0.04214084577550342,0.7034726151739312,0.9716688397037603,1.7534182346681095,0.35306647518311324,0.951934909789067,3.6115052453420757,0.10519282309492303,17.71479376761571,27.088433173131037,4.22646938738779,0.12577369237893504,18.728344727252587,9.223825399981004,129.31777637593183
211,0.4426939363838329,0.04007112914682566,0.6412068455926054,0.8125503539512774,1.4669573803433493,0.3484729360240059,0.7249115935438418,3.7036330176428143,0.10940529986366716,17.41443237234579,21.975056776939144,2.3833458383025787,0.18488289918487805,15.932034252063042,10.194884905900684,94.61873522366021
212,0.4114283276708388,0.03749483086661179,0.7612584707217087,1.026068850778462,1.5431206615681297,0.3391907924114167,0.8022130770359105,3.9022018764256146,0.12332230066135914,13.59637689732969,23.31959240990669,3.235989830572746,0.2629239503771276,16.76874827216906,11.44611789769386,140.26983521392472
213,0.3800242733878658,0.027593782074915328,1.081763516222892,1.3183044042154113,1.4163458177531592,0.3285355260361563,0.6937627511782154,3.831018538267594,0.12851751233881273,10.708854491653284,31.74872874155353,3.7866918028719954,0.34848189884041303,22.045024927112273,6.554014528121588,125.03350535591383
214,0.3469361976641796,0.03339542372160014,1.1852267754144878,1.200733435581478,1.3071498457445856,0.3168611773559833,0.854791667829393,4.01158151402714,0.1390634031783514,13.13018266567297,35.08268089314174,3.340274608979186,0.4313692682344019,23.21897762905137,6.9502785656486985,222.54610593750604
215,0.3120524204023489,0.04289655889922413,1.069189516719998,1.039125503396145,1.1771967800816154,0.3090862759035219,0.8068557109287493,4.322287590584756,0.11465244239330649,15.436299007896228,29.457946279387304,4.2419282617076925,0.49607940878221973,21.451221593416452,7.518254045543871,173.6955876086889
216,0.2945997882812428,0.050760109495195785,0.9801128528025316,0.9416897849446331,1.2742378134523766,0.3132293393790876,0.7820694709235297,4.252394944454004,0.1005109273474025,7.13560555247686,25.9253314877599,5.043564829969112,0.5155655867517883,18.907993816036004,7.522596128512095,132.2514081211708
217,0.2577179218977008,0.04851754162398365,1.0314834254537633,0.8857802220044757,1.4915882295081238,0.3113305713073487,0.713574176792834,4.490788224059234,0.0849385423345095,18.607962803665316,23.535915001192024,4.357750985521954,0.5259971036250419,22.101538308255204,9.08565041560221,83.82156838219058
218,0.2382917854605324,0.03861757204600316,1.046809484265778,1.0061460681394438,1.5014427179824634,0.31664028257402477,0.7673846464954753,4.531792705564752,0.07479806606846792,11.118901621534858,23.30525375475072,7.412171080455008,0.5271837094506083,18.251246287883696,10.473685580168036,158.60563255825375
219,0.1601547334405868,0.04901739828970294,1.12876943797186,0.9956551460742016,1.4930930457665208,0.34228571950089937,0.6708349476471622,4.435614191057523,0.09449413315252807,13.318185648593278,27.79830069824761,8.074387093407388,0.5456388804060758,26.479078356495094,3.45155714453246,46.29866474229134
220,0.1404541071160281,0.05467320456535477,1.0454319395671399,0.8521073030283602,1.473311142759977,0.3376119514685093,0.8040457851786884,4.38203351757209,0.08629678126986298,14.382300328739701,26.28874102557028,8.40712777032373,0.5411347512977477,27.111136268771265,3.8252953078834917,122.0895663703878
221,0.1009252796935396,0.05562932976895589,1.0693550231317777,1.021869220018259,1.4618478232425045,0.31725154866887795,0.7388032983331331,4.3460100523059415,0.06780034907079097,16.990017726910924,24.56164340978057,6.741364052500256,0.4934596349347611,23.458475849706286,4.901063322503586,128.64605896260736
222,0.0790978521063614,0.06085535561131348,1.194949359350369,1.0651654895564893,1.2550094836919619,0.3124225952382545,0.8379584132183175,4.336349860676089,0.06502624254185058,17.210350972425385,30.33946102335719,9.92031955817397,0.4499737925160879,25.218150429324705,5.132368807408384,106.99705941445471
223,0.0572318233060435,0.06524890550416818,1.1877025022782903,1.0782185041203636,1.3068888939746395,0.3063744935475207,0.8814254890153611,4.263980323468351,0.06668111479978718,10.877018918991041,32.11123114502895,6.946177201598133,0.400455546208161,22.518673932821358,5.140989982393355,95.05633966593689
224,0.0132086769907413,0.06549815890229187,1.5661968920729437,1.4224062163717002,1.388701813789152,0.299228886555746,1.042444447451405,4.107054201171378,0.07579263556731244,10.817316588894686,35.27126479132542,7.008882580035725,,26.736918939318155,5.414826769015633,87.85373153055886
