,Lookback,All,DM,Gas,Disk,Sat,Z,VZ,density
0,7.641375389072152,79.52014282808048,40.145077634576126,39.37506519350436,40.422006443721415,0.015020780117112208,0.1640832388084087,8.08276117091208,0.07296583099342872
1,7.596713167865263,78.98917289991991,47.34699093979835,31.64218196012155,52.7163375835845,0.020344516616115565,0.16048937641513322,7.432047501047066,0.07928775181604976
2,7.566683618057125,90.69051624232337,53.29885289340139,37.39166334892198,59.329190591789796,0.024846332831011904,0.1677117615177213,6.745718868900743,0.08354085764267957
3,7.53339063655954,79.90224772067248,47.668931727250715,32.23331599342177,66.25442221319642,0.030590121941778334,0.15925119917977876,6.514900319886666,0.08433002009240079
4,7.482979561017268,77.46307079943445,41.386875706526965,36.07619509290748,74.7427644733539,0.03833555216157735,0.17183003445470077,6.307982836837925,0.044600909894443944
5,7.445622694073074,104.93325929051036,48.42212119925432,56.51113809125604,85.24525353468746,0.037085980014832126,0.16945361264750958,6.88999221907262,0.04269732214478596
6,7.388982983834753,90.2289052582791,40.49576679351824,49.73313846476086,78.16841122053155,0.019293415945283374,0.1951786036009724,7.068381386757283,0.04404790902811666
7,7.368028485131425,86.50981820522216,42.05308046029883,44.45673774492332,91.31901945493719,0.04074848174076751,0.19855373253916822,6.9333523135222865,0.03755567492028318
8,7.32581407574925,84.11675586882512,38.549992356181555,45.56676351264357,91.81696309134016,0.10897901564749264,0.2082598902992101,6.491143816171457,0.06342796700827
9,7.304554308275986,91.70164802262828,44.3186549619059,47.38299306072238,100.41133477641475,0.12391881816852715,0.20574889326976348,6.12541077539383,0.06583131352939739
10,7.271496275648464,75.32207828028945,37.281091128601595,38.04098715168786,90.62345764705046,0.11968719681976137,0.2025408444497879,6.6119003000204515,0.059234891333439635
11,7.236227198877431,54.5732537306271,24.68155467628268,29.891699054344425,87.49080852495847,0.09541569379356261,0.1836364646448701,7.62991382789468,0.038093316005544484
12,7.19831221169613,91.77868473474993,46.067808091779,45.71087664297092,95.32308272858185,0.07828488901505115,0.19254824501949608,7.307730012624906,0.047791459063686884
13,7.152681385740628,77.89985880568975,42.02583055679028,35.87402824889946,89.42156843503075,0.07257163330443707,0.18027941332257139,6.740235694406616,0.0606143317155851
14,7.099260464270884,73.10424364943628,37.19987391606376,35.90436973337253,85.1100132812621,0.07580191741477094,0.1962277673976117,6.221510384656128,0.04608550360227094
15,7.075557727315488,70.26122657061416,42.67027817658886,27.590948394025304,81.816423017671,0.07929509837156708,0.1824582843570608,6.0785383964281445,0.056020176338790875
16,7.039764478602527,88.45301181119443,60.34518961664332,28.107822194551108,83.62981112350323,0.08630078216488869,0.20156251931928848,5.620370729413074,0.05887015502755287
17,6.986751233784402,102.34981584832812,70.67069079347777,31.679125054850346,70.63388973980173,0.10192876728696713,0.17230315163108395,6.161419801304608,0.06719223265244173
18,6.943909723553674,92.02883033326394,51.04062864635795,40.98820168690599,82.09048345725225,0.12024136940761321,0.17246633919215787,5.90134513913287,0.04271973748325234
19,6.8992999999999975,94.50330109730189,56.2939128525276,38.209388244774296,73.22555916866872,0.1399124331327162,0.16220579192939671,5.840788556190735,0.06739212697270489
20,6.866292168543732,101.3318092742602,60.03824644404202,41.29356283021818,83.82660248459186,0.14838921540723352,0.16395210886426537,5.326718521024368,0.061290934895673076
21,6.816364909661479,97.75891853783548,59.25003287377005,38.508885664065424,79.5228783355917,0.1579215167054616,0.17462334522871165,4.449161660765634,0.03984828852201276
22,6.779399361578653,130.36813979922266,70.72059515067384,59.64754464854883,77.60625915229849,0.17811916443285794,0.1502671937746381,5.454631169542605,0.051640656597675236
23,6.742137004320504,103.22344785457071,57.89170249611568,45.331745358455024,69.49549491416455,0.20502165984184353,0.12238679773710177,5.456511555196492,0.039611719692270245
24,6.7130773554740495,108.31371839101638,49.37937018464461,58.93434820637177,73.15688827647594,0.22272161746000532,0.14371690102633677,5.043996873523599,0.04468917620462916
25,6.66005882533,112.42278681547906,49.054217067050104,63.36856974842895,72.889833151324,0.2439083674225699,0.12934431273891495,4.678030894694816,0.0388160038279243
26,6.613862820712693,111.67375831156137,54.975015123453886,56.698743188107485,76.95439608879735,0.2524687896866806,0.13057928914208045,4.288339851757725,0.0422924020372533
27,6.573229915265312,104.93530387248526,48.10948969492266,56.82581417756261,71.32435999800418,0.26020168211697436,0.13052664919432147,4.619076896289046,0.033587134935374595
28,6.539376586173443,114.68470338176733,49.14169615065195,65.54300723111538,69.90939378849575,0.28044759365729677,0.1313991408591956,5.098470327889256,0.051329628111501546
29,6.489295405186351,110.92661478451635,46.50321877260571,64.42339601191064,60.17730269788712,0.42592651378533447,0.10742053720516123,5.7286837944798075,0.028895188671780765
30,6.462779928727577,111.0040182426334,38.98965325127046,72.01436499136294,54.521228561402545,0.5803555738072668,0.12202172059030927,5.010002467364697,0.022566565938690865
31,6.420803680733952,89.08709965241593,30.08527831506936,59.00182133734657,58.34945350314542,0.8778355853899176,0.10042786906919458,4.987749607631193,0.056805057982977046
32,6.3912357509248015,80.24209583190249,21.26004549371154,58.98205033819095,59.60938016065106,1.0446586921745908,0.10998417626773667,5.041846995433473,0.053748814895476435
33,6.360037918593159,111.40212465199335,51.22234006006073,60.17978459193261,65.27415548711855,1.0907450335141933,0.12283408450183594,5.634800024103545,0.04752998321193334
34,6.323181769898123,99.85347966610763,58.19925393423917,41.654225731868465,84.24404716364855,0.7857312223755242,0.19091615122356326,7.409282473565007,0.06053225485240008
35,6.296819541234349,111.02201358776435,67.35657485668273,43.66543873108163,80.35919604215876,0.5364944759053165,0.18285564929622722,7.910328676649057,0.05728278660308746
36,6.257021370782392,131.8470205752409,79.49209767435428,52.35492290088661,77.69588760688144,0.14649343068080062,0.17215587447585953,7.657490726314263,0.06344564343147506
37,6.198067183682968,123.48048645005056,69.97027623880378,53.51021021124678,82.78587450514688,0.21775989079761687,0.18606060531793253,6.706683042060545,0.05457917034339869
38,6.166826674452982,112.61336964255322,64.84055576591238,47.77281387664084,96.80776272180762,0.2938334331813306,0.18992553777025364,7.022407588990037,0.044692874000557395
39,6.133891202463207,103.96570777156651,58.57937721306215,45.38633055850436,81.43733869899337,0.31776511593301887,0.18524754187269632,6.835880584201023,0.036519189260309906
40,6.100719280344513,110.62437610962256,64.28727177514956,46.337104334473,73.32357511665131,0.30826449830304586,0.16522219425096635,7.263691709539243,0.04270665794606339
41,6.067346103953526,113.50500927205732,71.14651445834244,42.35849481371488,77.90071999992651,0.2808241775040061,0.18234390657027996,7.337545593905558,0.04799433130426843
42,6.032072868913223,97.11251491198327,62.504031922959044,34.608482989024225,75.6063085384477,0.24592050676069577,0.1977313781029387,7.757225374649319,0.047775932242154394
43,5.9948320266449295,99.24022953036601,56.93842313790487,42.301806392461145,81.1817577674031,0.21085483865911073,0.1876814315336944,7.7499010680673255,0.03809468708842649
44,5.957324003606695,86.68559884159723,55.55887849831625,31.12672034328098,86.49479280966663,0.18008303066169534,0.178647041557855,7.209139273125304,0.03939622352061804
45,5.9365639909968575,86.67012786437489,48.11447531531094,38.55565254906395,68.87603853316182,0.1652299210824596,0.17613684794173906,6.59849643155641,0.04817727121941674
46,5.894811696137233,94.82224600860329,49.11619663223789,45.70604937636541,65.37967557643225,0.14117029233944914,0.16254506986747225,6.454852622276408,0.04354583121383941
47,5.85272746861963,73.98522070942016,47.368895094647485,26.61632561477268,51.05445509571036,0.12151868393917424,0.1397572922889642,6.605006593980835,0.04262341163930485
48,5.829423163299706,91.98138732674916,54.256774818541004,37.72461250820815,55.99756034861297,0.11145889875573291,0.14819835834463618,6.215535358030429,0.04905898003421756
49,5.806019824366869,84.93037413535043,50.50543303402558,34.42494110132486,48.51427447701999,0.101297538708886,0.1551060871183762,5.807395748216715,0.04604637274404942
50,5.758847580686567,75.43886758369914,38.577646732239195,36.86122085145994,55.008067491823276,0.07384517336198929,0.1420383405650377,5.475667426130234,0.06309861501485334
51,5.735113676933862,70.8097262465844,33.23189897487626,37.577827271708145,62.83720663556898,0.05454461186411735,0.13075227716625207,5.710841929787243,0.059651404302858105
52,5.687351268637958,62.056456381474746,27.3831995485534,34.673256832921346,60.190099918604865,0.005843087038701404,0.13614747751472184,5.058849599691784,0.04653049570535511
53,5.674282004200253,86.3595784751065,51.098357041739895,35.261221433366615,56.06985265213211,0.00870881598487002,0.13459631550754875,4.918341982076715,0.04103940150212589
54,5.63487750476342,86.07627469309656,29.469415766976184,56.606858926120374,45.896963409157564,0.04421420953716394,0.11398938189416744,5.540043649443542,0.0475035241657222
55,5.607096887071627,76.27891090339838,23.645347717630877,52.633563185767514,42.74478348812101,0.057932263447617045,0.11774158754218131,5.059627102269929,0.05602878523335436
56,5.563197273837341,71.58374158145435,25.03875416361344,46.54498741784091,31.57287076365891,0.062437543491740806,0.0934426790629114,4.951641747007278,0.03723513298708416
57,5.532228479342441,77.71730976597222,15.83117240282291,61.8861373631493,29.871845015705922,0.06252647551628525,0.09448116599967087,4.4422896992742285,0.03457253370969786
58,5.499580009312712,59.68376672864004,14.139334207143808,45.544432521496226,29.022781348982118,0.06601715937000799,0.08718952315611458,4.358647380904825,0.04141426087061768
59,5.4667717357004335,67.73499304604067,19.216823550327614,48.51816949571306,34.78787532340031,0.0719493289159452,0.0969471544553115,4.171611803846487,0.05553651107918387
60,5.432045810452904,70.05182953917421,24.374111374264018,45.677718164910196,24.875716711237377,0.07792626812942352,0.09073393470689341,4.43801362062692,0.04627291089448145
61,5.395473989249358,62.89291692251854,14.04823195663651,48.844684965882024,30.156245151177888,0.07983195948811699,0.09343722667211832,3.672115837301676,0.03748014823127164
62,5.377073878453867,72.06173637157313,22.030258017041152,50.031478354531984,29.73670388942301,0.07734832044841157,0.08805644328214879,3.5347310957100113,0.028381957365841388
63,5.338220697323426,65.3589595768197,24.07854222103316,41.28041735578653,21.44757530244931,0.05979302906110306,0.0698808414238549,3.975976017448005,0.02999995497008941
64,5.297253698952362,57.73006079298898,18.458231405671462,39.27182938731752,22.232481819167493,0.016491938280307566,0.07630607884515381,3.0286569442247,0.03290933102748133
65,5.276641111204341,65.45658637197508,22.797726393738575,42.6588599782365,18.10141299664523,0.02043315545967015,0.06266996984037951,3.2496455963210793,0.029847363191131904
66,5.235158502612744,56.539236832787374,20.340047222287374,36.1991896105,30.430926273012112,0.09727298368428085,0.047538379788016547,2.861797906522464,0.01830509232509048
67,5.214323161439596,48.63508702318234,18.835067189291276,29.800019833891064,18.673792230601816,0.13214362732402907,0.054769432652800945,2.6080566652252246,0.0327088247945514
68,5.170266337889607,59.21211191865333,21.011683410019067,38.20042850863426,31.86074550856441,0.17490871581640124,0.052654356954022305,2.5088100540961937,0.03884683400635374
69,5.147046563163453,55.95932834396971,22.10853009988702,33.85079824408269,23.221187451628463,0.17910917120969178,0.036324760948312204,2.6246115739462126,0.032658796323092265
70,5.100322315894825,56.214186050893815,22.383961434697067,33.830224616196745,22.719585897240158,0.1622085323469983,0.04382054439663604,2.02266102437571,0.03142191561796858
71,5.076783952863184,36.388489989943636,14.430642885487215,21.95784710445642,34.184568210428104,0.14871302791914737,0.05067767709825323,1.8679048928484405,0.020868781800429337
72,5.024693916499314,77.71658580022559,16.591806143024073,61.124779657201515,34.20942697316102,0.12043938862460293,0.045962140149244164,2.509161642666576,0.0297001568740373
73,4.9984422681030605,76.35923360222961,19.641795704549907,56.71743789767971,27.067017468308816,0.10847596937865836,0.04878347225044985,2.338931707113093,0.028342541536122673
74,4.972098961617661,55.03955867090089,15.72796584652966,39.31159282437123,26.851124770226612,0.09791099287319965,0.044922303460643014,2.1475296124098286,0.036921695217022356
75,4.945595796763422,60.38508099664139,18.353454593343173,42.03162640329822,30.016771938923835,0.08902848706037036,0.04339431419523444,2.3275250997052024,0.03580682193647912
76,4.892248159980066,63.507293690813796,11.762529160650278,51.74476453016352,29.98547926821479,0.07535426864728105,0.051058755501374085,2.3698174806942527,0.04065250297604649
77,4.862669314823597,56.52311731505509,20.88783557758852,35.63528173746657,26.999451737850595,0.06970253029655224,0.05044916768583059,2.14973615856239,0.04181383116030236
78,4.8487228759760965,46.55107074305518,15.838471038287187,30.71259970476799,27.5330201959266,0.06750139974956948,0.05033576549325867,2.1099822405269584,0.04014387196971271
79,4.806664730570148,59.56715406509733,18.75562651728578,40.81152754781155,22.4683160231118,0.06260257589589448,0.048519148607681695,2.0918454956433643,0.037002704562039634
80,4.778461168590125,51.896255743490286,15.78726007128191,36.10899567220837,20.676407634538357,0.06024847820410775,0.04892054265000534,1.9221801122315259,0.052492502246301
81,4.720187077902779,41.58481484345414,22.38767789580048,19.197136947653664,12.99513405888166,0.05768498070521435,0.03757132622065669,1.6089120210636492,0.0514284464078598
82,4.622237616993765,35.388005088412484,15.982028844455009,19.405976243957475,34.2661159464059,0.05749133949019363,0.04635593880509934,1.906356391222349,0.06162207180750504
83,4.577088592204344,59.05022152429955,24.951097940125464,34.09912358417409,18.843187670971883,0.059977130693670604,0.05953106684906716,1.6626216140951366,0.04957010437814522
84,4.5521323230353365,49.65456473719129,19.107346040529034,30.547218696662256,23.157503475098263,0.06191625258163039,0.04645142795246395,1.796800449564186,0.05066851336854265
85,4.501814915026364,54.2808278386198,28.83753149500123,25.44329634361857,25.64345315034684,0.06726764646884624,0.05376531116073382,1.4730863580788192,0.049737153816939016
86,4.48942163564651,52.19684074501418,26.019997199794673,26.176843545219505,21.511052481529607,0.06887332555873524,0.051916858789010964,1.4307115961043015,0.05446552427845258
87,4.451988877090199,68.03986138471535,34.90732071597737,33.132540668737974,20.664769681192467,0.07444366412450691,0.0443461468162253,1.0602308204664606,0.06313217635140587
88,4.425636673797183,39.668123463345594,19.984562249405116,19.683561213940475,20.49021014511669,0.07889579584274203,0.038586762401684384,1.2532560880094306,0.06638812145344727
89,4.384017668022734,52.534640692720544,26.886096592623165,25.648544100097382,27.74209685904839,0.0874511460836292,0.046906141823382874,1.0051668917287078,0.061099418013963305
90,4.356077168016793,65.76356003103153,33.27617495378101,32.48738507725052,13.066271562220274,0.09402028224555696,0.04745426266903471,1.1134378185451417,0.07675766308915788
91,4.328017673411098,56.691455301043966,25.097344783151655,31.59411051789231,19.84642633513943,0.10093135267126498,0.04542087579368291,1.3824570722717286,0.07879643304153446
92,4.282832647088027,53.94709182620661,20.944759070755858,33.00233275545075,20.819721996043015,0.11214666113959372,0.05658721174360963,1.7512521211121563,0.074554675008787
93,4.251573740401522,47.64196284559857,22.612251304879166,25.029711540719404,16.42847083531542,0.11939542939112248,0.05398837030737223,1.654215943572447,0.07173939086361686
94,4.218546832503941,45.533525264695015,21.34554225156356,24.18798301313145,31.938335046360862,0.12394815246200203,0.05603479558868303,1.288780584899947,0.0744357977186186
95,4.1837560100917885,38.26668405101195,20.40083553333753,17.86584851767442,17.971243408674994,0.12208562994507388,0.0458590734650833,1.848944291956918,0.08664887535688597
96,4.166252624258076,64.20998283492688,38.737176404891315,25.47280643003557,12.816243616178653,0.11614519432737272,0.0414098523946322,2.1167732387601417,0.08198790248883944
97,4.129379642199092,51.20323888288215,24.885895585937387,26.317343296944763,21.785920519493025,0.0834385081499911,0.046831926272365466,1.7668453925469347,0.09217274423927288
98,4.090517576788267,55.47241498256848,20.17613683196586,35.296278150602625,14.151786015318946,0.02032630521232375,0.04706499533216389,1.5852764597429905,0.0972228535450439
99,4.051387253346471,43.87164500571173,11.48978399943185,32.38186100627988,10.226480011433162,0.19479795105735231,0.038940325569193725,1.4044054504936179,0.08325164765399799
100,4.031717654255528,52.52109438042649,16.562361612476884,35.958732767949606,11.221883144871358,0.32799143423881993,0.04289704256922481,1.3131100022129896,0.07614277012611025
101,3.9921703326700086,57.30579858085822,29.60330880910458,27.702489771753648,12.199769437924797,0.6240878146006151,0.030546547542004716,1.4622055211471043,0.07084808425917036
102,3.9703123977296446,51.350440511234154,27.92053170809814,23.429908803136016,16.10523338015779,0.7512012882917376,0.03475497437155769,1.3015362728725897,0.07503668810750194
103,3.9263621640915054,52.55656829765303,17.809070810981492,34.74749748667154,10.721980135689227,0.8014635715137169,0.037513621760215235,1.5540226266544908,0.06347276324779076
104,3.904236747925157,59.18302340779001,22.445252416084102,36.73777099170591,14.08270293760552,0.7192520170935122,0.04561507939817,1.6793250587978008,0.08266913088776211
105,3.8597869359163535,57.35412108337816,23.580011974585325,33.774109108792835,22.46726327417513,0.48240298555878,0.038521894149559775,2.2482569221330246,0.09826139974467021
106,3.837429450196413,54.203496641973985,21.905424862834398,32.29807177913958,27.229929421343453,0.4155497559570578,0.04824860581989486,2.2255170987253314,0.08278219674529039
107,3.79021115421336,58.694264560619054,20.025404791591065,38.66885976902799,23.8847847803088,0.4100737094398476,0.056131689163888054,2.3800073019836274,0.0781038432331099
108,3.765320039697933,64.33312650104114,26.425021037149264,37.90810546389188,20.893969640371033,0.408092268042922,0.059677667932806856,2.2210118503887535,0.0885275054162322
109,3.7403442402838434,50.998493033861045,14.667249030546008,36.331244003315035,23.877167523185076,0.38798413035976864,0.05542863943187417,2.4575686667308245,0.08430673411900913
110,3.6900396490094094,88.06915869587843,44.5237578150648,43.54540088081364,25.02577561474215,0.319696621284759,0.06289430190029643,2.1170749961651523,0.11044281705398495
111,3.6647448434540313,72.39160132393019,31.23581598257672,41.15578534135347,23.057745753733116,0.28637084501290716,0.06251479083446007,1.7939322045694372,0.10655353470727028
112,3.6393332294665535,71.60363556125938,36.901410552990434,34.70222500826894,20.060447902973284,0.26154949966966407,0.04550027590470012,2.376793215962116,0.11144058757854176
113,3.611243287317557,63.73736581903591,28.187007379469925,35.55035843956598,21.668737410304644,0.2487969117703046,0.051565325342887804,2.0290788609607793,0.11567557085026733
114,3.5830408109660965,69.16386818567905,32.271094529062,36.89277365661705,18.60026900258184,0.25631908109596674,0.054897938335721305,2.1946252078978086,0.11569971514608024
115,3.5406764130714983,69.97396246402499,36.69634996886093,33.277612495164064,26.64304331265966,0.3047516361511935,0.05969814803510243,2.129825726351142,0.12140446945000893
116,3.5122938050100214,65.2335062378389,30.02411615168928,35.20939008614962,22.87297129391273,0.35744396240858106,0.06291107208631197,1.8835992129509882,0.10885868192860523
117,3.480915262767496,77.19527252984922,37.15976939069702,40.0355031391522,35.21639866998373,0.4184992515091355,0.052030693711409046,2.241994946125941,0.10736251308223206
118,3.4493642568072502,76.9072879652658,39.8809721012917,37.0263158639741,30.659876224589855,0.44665711187331325,0.05810626191713671,2.025097773442601,0.1202564511667559
119,3.4176414378115427,65.97620646255169,33.101608782387906,32.874597680163774,35.524924589607274,0.39249555579779083,0.07170254879758266,1.9544364202688265,0.1249988346889338
120,3.384160105599035,78.19711290388062,47.7263457761434,30.470767127737222,21.155794453650465,0.24557457759397944,0.06419260972319235,2.7066800344842217,0.13699399836317672
121,3.3488592409068514,62.22768330921342,35.366318015441394,26.861365293772028,25.03969827017207,0.08719634873485384,0.06673902507707025,2.4576500315277476,0.12471612753541202
122,3.313394622547607,58.61942128825802,34.27273027829686,24.346691009961155,31.14594826041385,0.006953805980704121,0.08017408360048642,2.270144090476387,0.09869780228384878
123,3.2955764075645178,62.01117217150288,41.251644043960795,20.759528127542087,36.24895907475847,0.030125714160280457,0.08209533910850807,2.114501811995191,0.08598345695033371
124,3.2597687795980548,68.23623739744629,42.88372187695915,25.352515520487138,30.607427526047793,0.048850512964008885,0.0671537636611487,2.4374548392861906,0.09006585625094188
125,3.220194766662841,67.2622072203211,41.88357280051363,25.37863441980747,32.738958531427826,0.04755251113211476,0.06894334034146465,2.161847089323129,0.1157264909146574
126,3.2002516129970497,56.56927914480507,41.502453029327775,15.0668261154773,35.60741182172125,0.04368982025105008,0.06823094527175272,2.1878297198286716,0.11454373011676514
127,3.1602677614677805,57.22834487242639,33.39865440779875,23.829690464627635,29.9391019361196,0.03449425403009374,0.0665306513835053,2.524529323054203,0.083012468753847
128,3.1200013903966006,57.777124921362315,29.717996498494763,28.059128422867555,24.391520655446268,0.02578416129604053,0.06532647314794479,2.2760450736986595,0.06442603197740122
129,3.099787303245713,54.335191884954426,28.136356039835682,26.198835845118747,30.565771279986432,0.02195774172875812,0.05832187236610514,1.9949428783422625,0.0728733838334497
130,3.032536332071169,62.58989048852226,40.2686767175609,22.32121377096136,27.877167815329358,0.01289434089413535,0.048424332553284787,1.1969101151395205,0.0673440291083093
131,2.987318142080252,53.56755913899342,34.230375384626946,19.337183754366468,24.23403441646499,0.010705356064261998,0.04403216410672027,1.1930993905385772,0.06818048866587932
132,2.964568325761885,69.49800619984438,35.735859892207294,33.762146307637096,17.788211208083855,0.010895554408713152,0.0340856298799198,1.24662294653403,0.07642604515461746
133,2.9417685863907828,49.703457385539465,26.211390838052463,23.492066547487006,19.204923299693164,0.010390887121126366,0.03360430310837899,1.544596030794676,0.06867165968852894
134,2.9044341091206314,52.86350542052249,32.97232953417685,19.891175886345643,18.093524258505443,0.012522220060866798,0.0338956114496957,1.6221688272911183,0.04662387017226855
135,2.879459068881067,70.69345381468968,44.976306207292645,25.717147607397035,23.519796505824342,0.014307153250438841,0.03708710000493224,1.4234216118148122,0.03964245752104851
136,2.840501774017653,73.2626553041514,40.23232219747496,33.03033310667643,25.670209590938132,0.017276113678844567,0.055290135951017116,1.218933904590393,0.04274661902978872
137,2.8127777060410555,70.92171489752386,34.7136826301358,36.20803226738806,27.94471675164685,0.0194957299289745,0.04161455800079115,1.8576625869549375,0.04294369770517542
138,2.784817132151856,74.82230864448849,35.32510613491319,39.4972025095753,31.99291506196999,0.021835057322168207,0.06035714139578813,1.768156408878151,0.05353482334741205
139,2.7427265610184968,75.30201169485963,28.31682121987849,46.985190474981145,30.208191870932268,0.02539232311188814,0.05549983409629009,2.3951027314324045,0.057174969762749404
140,2.7117133543835266,82.63382366347813,30.62750913111618,52.00631453236194,33.742886641115106,0.028165439502141402,0.06579915285382533,2.572765410455502,0.06698338646976729
141,2.68053568833356,76.39263244328211,27.498808151405886,48.89382429187622,36.02563888411799,0.030981401369851346,0.06611599348560931,2.409995917454556,0.051882630894290946
142,2.6491942320886306,65.47198360083135,18.027065166237655,47.4449184345937,26.24582278016596,0.034156090626972266,0.05327022381820886,2.8401445465531836,0.044861671357730434
143,2.614521529925911,71.41050037574914,19.343013615851184,52.06748675989795,31.240199011107936,0.0379421611519118,0.06363509661062194,2.953649682839917,0.052814076502574046
144,2.5970701812222377,69.89349882079274,16.793257873774547,53.1002409470182,30.661106595009404,0.03997192146635405,0.0799259927238113,2.655429904601397,0.05291531749338117
145,2.562131922884664,80.07049568811635,27.188669124251934,52.881826563864415,33.3392112822538,0.04446206468907929,0.08160259021648682,2.920717070613388,0.06487760649147346
146,2.526974675067546,89.09428420642377,19.275663073567863,69.81862113285591,28.16377721716416,0.049500322609936545,0.07227188818321431,3.4624152585493384,0.08268586774863529
147,2.4916638430941767,71.23359395050326,17.986836956591876,53.24675699391139,35.8898263950803,0.05507145999086332,0.09239737076763635,3.264669362283917,0.0862648823990185
148,2.452533894244416,62.46158949199015,32.20363567964953,30.257953812340624,33.103655550368785,0.06205109330447514,0.0878929441737357,3.078372139526599,0.08339448356453524
149,2.432923249867974,57.03343136774737,21.331315852686405,35.70211551506096,30.155664423464636,0.06601232778955674,0.0848862448920465,2.8520649597925094,0.07870677668640284
150,2.3934185607529006,65.01554567745839,29.609083764078285,35.40646191338011,23.019179694424764,0.07509471071056648,0.05894792985931798,2.545235277086408,0.09309910832753558
151,2.3735891273313907,46.200447685214925,19.9397029512371,26.26074473397783,27.372614014008317,0.08017160084687505,0.06297808000912038,2.032998717059698,0.08668647792147459
152,2.3337768208667296,48.88559597332892,26.85317855295811,22.03241742037081,22.564816011350437,0.09230391151979278,0.05867313635338602,1.5635436215584773,0.08020691217632188
153,2.3137302192753904,49.55789810209003,22.25920421795927,27.29869388413076,13.712692170423079,0.09925894545028201,0.05438929289256221,1.5527221688203792,0.08443014515006624
154,2.269521171742096,49.439187338507466,27.020400486089912,22.418786852417554,27.25024373879984,0.11673401278825593,0.031542041148376256,1.47060333006119,0.08903711006610779
155,2.224930415431526,55.02375614301752,26.577272569558442,28.44648357345908,18.211720943120955,0.1357321099395319,0.039865961236162505,1.4391289156232587,0.10412649292609555
156,2.2025324624786755,54.77786674761772,26.792128360234443,27.985738387383275,26.750050875396028,0.1464404543827128,0.03509608549320663,1.6568204340026818,0.10780784421584177
157,2.1800876680884858,55.29991937379765,19.010221396807246,36.289697976990404,30.48856580473972,0.1627786702305329,0.04448408358267095,1.5792558661213392,0.07993506915310405
158,2.157532515481736,47.48089292216897,21.539876247729797,25.941016674439172,26.88870196061147,0.19513698136877453,0.05427580298398067,1.4455946495005088,0.0839624070712584
159,2.112219607618881,44.38435918870111,18.428389161564027,25.955970027137088,25.556748713384557,0.33415964255960867,0.040174772756389934,1.6443870835969172,0.07682349810744085
160,2.087111301115557,42.78351536447506,20.604318417896817,22.17919694657824,33.40788811482959,0.41219362058609016,0.0520453689250495,1.5509992353052418,0.07429523202085922
161,2.0619610942752065,49.28119331107358,28.396909632326764,20.88428367874682,19.801170605517544,0.4340408097506914,0.04623610487581406,2.048999196420885,0.0855825836755251
162,2.0113456725416192,66.57639492840175,42.55025754526993,24.026137383131818,35.86758096287007,0.35273575679407865,0.07388343613112269,1.6982095973505564,0.09428497865767907
163,1.9603127121682111,69.87262744484893,29.343418441025666,40.52920900382326,33.27168428662622,0.22704994326251857,0.05654682036286216,2.2088122268695365,0.10826530712262276
164,1.9346405898490333,59.099779545424695,17.394136627350246,41.705642918074446,26.28463026099583,0.1367652523252687,0.06556422741851153,1.8715278574708865,0.10447736848639495
165,1.883050037737778,84.4014456644246,22.85885372848151,61.542591935943086,29.373730263137826,0.09293885360213987,0.06361624115280792,2.513992432930113,0.1076595869240637
166,1.8544850560257515,90.28700230038035,32.91366057129464,57.3733417290857,38.58753809152998,0.17541162208711866,0.06768555898045014,2.542436141250142,0.108310044016715
167,1.8257600052573768,95.40721426701879,39.097314349700724,56.30989991731807,32.35132905847724,0.23037839663746407,0.07740174569466708,1.913675568348096,0.13397403229271698
168,1.796938407859891,107.1520003041627,59.4772866469795,47.67471365718319,33.12158273403874,0.2583454186043058,0.057726771849501014,2.0144050829049056,0.16783175811841428
169,1.7679578668133151,90.17389953134202,36.05566056905118,54.118238962290846,34.11360253783139,0.27117646453944333,0.060068646225040226,1.8086917490011611,0.16663713367124663
170,1.7388817816783195,94.34882632600676,43.63316650419003,50.71565982181672,44.5080264784998,0.2756395876771136,0.07391290457220018,1.4928990722553317,0.14491996001265708
171,1.6803821053718089,104.74505037913123,46.997797240280015,57.747253138851214,42.00042515738677,0.21661013446751462,0.059757306929361584,2.1802121141790796,0.12459352073048198
172,1.6513349419549357,107.72108619059512,52.94987252427978,54.77121366631534,38.1048357018229,0.07619540852980534,0.062147180126709965,2.2493166654841,0.14162533153527765
173,1.6221933386695184,93.58431218320104,49.764583207999785,43.81972897520125,42.556120240780395,0.15136871154126852,0.08724462398201482,2.268723771612415,0.17357552663889858
174,1.5913968824946192,80.30812795297027,44.77206041696849,35.53606753600178,34.72092227233375,0.31785929729181234,0.06981899420524677,2.5471179343869688,0.173348316388598
175,1.526482000440085,109.9446152058529,62.05726623858392,47.88734896726897,54.73318222850587,0.291883957028481,0.10442102432905317,2.3132257115856785,0.12660104869700214
176,1.4921852356211271,111.05932724306007,59.459611080966944,51.59971616209313,43.09193216459706,0.22688320358397587,0.10037956762721686,2.640851191782099,0.14456581962649845
177,1.4740895780518706,116.31677939979767,66.80637566182733,49.510403737970336,53.33263987422379,0.19732301367833244,0.09887183474428589,2.9088032548445675,0.14389560079852998
178,1.4378104691953375,102.63646772871763,50.160630164608136,52.4758375641095,52.074268043348,0.15159671755609558,0.11934473314589988,2.4539181807915886,0.13655702105386142
179,1.3995344473201283,106.3753746645799,55.6760952892601,50.6992793753198,48.578386414280686,0.11895641786711691,0.11217268487787413,3.0762134810009862,0.12387535671412161
180,1.379394815045762,120.74348587168154,62.332566596838085,58.41091927484345,40.88479180305483,0.10637492668107665,0.11793049135136661,2.9420490733955846,0.13796366496372592
181,1.3389136775111898,110.95229803138434,53.961864130294565,56.99043390108978,63.59111432166841,0.08722106417284395,0.14297180993238964,2.8947050101688694,0.16534407676751164
182,1.3186343746780445,120.60088465126216,64.04765771151867,56.55322693974349,57.660450641029314,0.08017961342431613,0.14365588384656708,3.0419478911639173,0.14914326026885125
183,1.2736795703077617,131.2342686535043,64.8988228435377,66.3354458099666,62.84611851423941,0.0687079207437831,0.1378359330427743,3.2364440862934556,0.15831874035577362
184,1.2511075261369928,133.53772906942964,59.3037431997519,74.23398586967774,58.99767382727723,0.06452207812902354,0.13255010156286195,3.465264993806522,0.14977074546642782
185,1.2284316259411128,125.729883257223,49.293359200968936,76.43652405625406,55.50966745642516,0.06101253661240035,0.13496686841894814,3.396929034965128,0.139092433973175
186,1.1828925623151108,122.5392878558742,51.23579349672603,71.30349435914817,49.846024173648914,0.055789845804947114,0.13155296678800316,3.9912217714481613,0.1097855522130879
187,1.1599684223993911,116.81522928613248,41.26657463429438,75.5486546518381,54.21764015817144,0.05382861750240645,0.14328782231288043,3.7535468531535736,0.13051815628346022
188,1.1370030372074371,109.84172756186231,49.471834374036625,60.369893187825696,51.27563109468935,0.05211167270874881,0.14582301949522397,3.6348590358133896,0.1654056258304066
189,1.0885598576131272,117.58063912492756,48.098729207569065,69.4819099173585,59.89482135976845,0.04899769481328546,0.13932978585834052,4.290476470529168,0.16567937261013407
190,1.0629644951974877,111.04797623117963,56.21158160188922,54.8363946292904,47.12942042624558,0.047921293153039245,0.15602742856153956,3.71394449931469,0.1719054087882677
191,1.0373333408983232,113.37297069479943,50.155456145373805,63.21751454942563,51.74236883775933,0.047083895960268636,0.13621205126160357,4.499149612947792,0.14057221512129414
192,1.0116055126964891,114.75781954615105,50.375903269318215,64.38191627683284,52.61395231824373,0.04638487022457722,0.1308849913114422,4.441982333872451,0.10723287612392558
193,0.9857813933188329,89.7020869492597,44.70316278856826,44.998924160691445,51.14106858685379,0.04575895898634238,0.12897760823149496,4.7989848950245575,0.08538244466882751
194,0.9338458197560904,95.25824836165626,49.440520784860325,45.817727576795924,59.26896959174952,0.044674734468753495,0.15070736774662108,4.2265225736280865,0.11978795617473817
195,0.9076743060215976,73.69860715320874,40.679851066147755,33.01875608706098,53.896097232728714,0.04420718607303999,0.14019453811873314,4.859040682033543,0.1433254904463101
196,0.8814689430246716,60.07371144049059,37.17447585352876,22.89923558696183,49.479903516675506,0.0436734293142464,0.14578554078244696,4.639910538084465,0.1768961482088965
197,0.8524982665495529,58.805496651102985,44.89817858610183,13.907318065001157,42.39144211098423,0.04296554967497731,0.15816119555666502,4.013630394764867,0.17319423727008837
198,0.8233788600331238,51.05470691353498,32.0823914999426,18.972315413592376,38.00328486413576,0.042034869761190294,0.13459407688058675,3.9421274333427143,0.1379954666991724
199,0.794171930422948,56.463790949584364,28.711956689089693,27.751834260494675,29.57461187208244,0.04079584887836883,0.09788125900829192,3.8103290724692735,0.12299532628375494
200,0.7648174264279408,72.49910572898281,40.821419094019035,31.67768663496378,35.479255422009764,0.03916378624337129,0.10519806534361291,2.7179980495461233,0.10421164641014177
201,0.7353160006453141,61.456994908241526,30.79887089057107,30.65812401767046,38.565141039978684,0.03704221944755274,0.10471868347365712,2.6696231368733407,0.14627678924061402
202,0.7057286556549318,54.7184277149378,22.905498106235992,31.81292960870181,30.188930607209045,0.034280312244094516,0.08165136999932732,3.64809359377722,0.18575035133898138
203,0.6759955603324528,46.168926827620865,26.314096794366183,19.85483003325468,27.041922240885167,0.03031285559387374,0.0849357122639941,3.308295071737968,0.19200658067301313
204,0.6461173762670658,48.7201190859373,26.183013547129697,22.537105538807598,24.280183197830365,0.024955542618039214,0.09771043285626321,3.910374703660473,0.2039407552107601
205,0.6131486197814819,54.4088114774407,24.430860595742224,29.977950881698476,25.38821458009302,0.01684448757467946,0.08725229884830084,4.098508728737392,0.19349435703233472
206,0.5799836130857816,59.029257269679604,26.765638160976145,32.26361910870346,24.702842715210462,0.0056546584832680305,0.08812083336673278,3.3269451636438183,0.16977582446399317
207,0.5466832990887749,51.797290124554365,26.387112385088457,25.41017773946591,34.236130642123086,0.010553802124608313,0.07956456577806222,2.9444651698818007,0.17868523011846707
208,0.5131885432006982,57.46181929475114,26.18877242874474,31.273046866006393,20.39979878951215,0.03258870646393083,0.06780550928333905,2.4079793191250944,0.18335657163656444
209,0.4991212178044133,55.05257412791946,28.009008383288926,27.043565744630538,37.79208828434953,0.04384192295225929,0.05376143990990625,2.718984376008219,0.18422106131632215
210,0.4709510438215574,57.35460017714013,19.265270593403343,38.089329583736784,27.496633405673244,0.0702043177732858,0.05358045054076099,2.5257768809886927,0.19682341157589006
211,0.4426939363838329,45.751789179692835,15.392035359355408,30.359753820337428,24.48874436005386,0.10384160967510725,0.04446996836625004,3.015701677869203,0.19252068783374415
212,0.4114283276708388,57.14141479496844,34.42910075678118,22.712314038187262,26.82896428632813,0.1494745869188616,0.0698238952872345,2.8237581534411076,0.2016277597777923
213,0.3800242733878658,62.60187688541075,23.371793127296712,39.23008375811404,26.246555708446625,0.20208663494251067,0.06225865650192487,2.9500264527568425,0.1628337078762955
214,0.3469361976641796,50.75959436506306,19.030434434050726,31.729159931012333,23.69991213421796,0.25784981705576715,0.07973470722181163,2.1513048340348773,0.1427796438478039
215,0.3120524204023489,38.29965561014883,20.398520614541802,17.901134995607027,29.92496277808653,0.30846204778120506,0.07006743773350717,2.795578287451782,0.14943169660168062
216,0.2945997882812428,41.11400651108232,18.29228957472151,22.821716936360808,31.385846464898464,0.3268139091038659,0.06870022874345241,2.4621640376509566,0.14986961767229853
217,0.2577179218977008,42.5171945329759,16.184745442281834,26.332449090694066,28.262154284353986,0.3445575786296929,0.07656827758968561,2.9401092780539972,0.14420403918210395
218,0.2382917854605324,42.09114096423281,19.24622943690698,22.84491152732583,35.10588961762411,0.34808336158639874,0.077459458548785,2.74364955243854,0.1595044311499266
219,0.1601547334405868,51.50426943300942,22.25702954912439,29.24723988388503,25.33878446694096,0.3492140471529098,0.08401717893353147,2.931112269937784,0.13148865917113622
220,0.1404541071160281,52.89450534481233,22.804452895740425,30.090052449071905,26.60228019625087,0.33989420612779386,0.08657897829545877,2.79478335575999,0.12584210722759412
221,0.1009252796935396,71.56147255406997,27.100258588108797,44.46121396596117,24.495833596872867,0.2976254811853792,0.07919448042635995,3.1222235632081827,0.1309058629119956
222,0.0790978521063614,46.74368181257979,17.50762254081022,29.236059271769566,18.37004281034542,0.2658685027305388,0.0819206872818633,2.3940455499733053,0.14377826177635028
223,0.0572318233060435,55.244367057080424,25.435418111201514,29.80894894587891,11.895296079000873,0.23253019508725795,0.06739636207778592,2.0691672241112604,0.17128704827673738
