,Lookback,Z,VZ,Bending,Breathing,density,BendingM2,BreathingM2,densityM2,DM,Gas
0,6.323181769898123,0.1878957268972828,7.639833078280847,7.574116501613007,0.9773978473732061,575.6926415813784,0.7029421825207682,8.275469874769652,1807.410081484231,67.69120191901543,41.654225731868465
1,6.296819541234349,0.17776451868521792,8.129270657246753,8.066237621161003,0.8276997697313895,476.12901380016376,1.0549379843141264,8.393098238944777,1600.4105849397188,57.1784444546388,43.98342635422941
2,6.257021370782392,0.16775364197866574,7.793225482641141,7.770757410222332,0.57494225875046,474.5935249829271,1.0503460750518,8.968318932094222,1455.282108274086,74.31403724347439,52.35492290088661
3,6.198067183682968,0.1848817686412058,6.906746289368814,7.222538760169168,0.7074495896529396,402.21995972537263,1.0459985056104226,8.851262863380772,1132.250339689243,83.13684922349232,53.51021021124678
4,6.166826674452982,0.18720955706729084,7.215864272418274,7.622668184394553,1.1099216283098872,575.2195572564476,1.2964117589494812,7.9074377782446605,1146.286083802088,76.65339624509869,47.77281387664084
5,6.133891202463207,0.18398573557558884,7.033588852060572,7.28261408716381,1.168581766032116,423.73764208342544,1.5284109061972628,7.838566470252457,1013.6091635599132,92.54915143088178,45.38633055850436
6,6.100719280344513,0.1662265837799266,7.502122114140431,7.59303702317446,1.2461613113854089,451.57835978640003,1.270548956079461,7.331187816685192,1729.4558607083568,63.297665106529614,46.337104334473
7,6.067346103953526,0.18311184063174665,7.619962259613571,7.60394664388146,0.9294994032821468,561.6885290853827,0.788348139682929,7.469189518941097,1507.5822569001843,68.3358729711343,42.35849481371488
8,6.032072868913223,0.19425110347011584,8.022147683890944,8.055327544410746,0.7245218656309153,618.4823924364209,1.0839520082169911,7.55001249347127,1520.916543647297,68.86074179963288,34.608482989024225
9,5.9948320266449295,0.18631008757152057,7.905717881474132,8.14888080847793,0.5835793141327873,475.59965515114055,1.2659591025246364,7.53389602790582,1493.5140956081582,67.9649602988531,42.301806392461145
10,5.957324003606695,0.1740303352119212,7.3780413740449236,7.717613495971865,0.7595851446778854,321.50160297063263,1.2037866280834661,7.443144409295384,1120.3693246909036,62.17175473338798,31.12672034328098
11,5.9365639909968575,0.17310242021026184,6.78604935840265,7.112597120240869,0.7954095908920514,445.12905196366967,0.8982732383840087,7.674219883483962,903.1552087618475,52.277363993515664,38.55565254906395
12,5.894811696137233,0.15988093956505986,6.626798108762271,6.669568962742548,0.7658745986583421,334.66325640404546,0.5758969310173379,7.480924455073238,801.7935238657936,48.799157615256476,45.70604937636541
13,5.85272746861963,0.13866670614533277,6.746000767001528,6.587234822639348,0.58385717288574,627.2285879442475,0.7464968164863889,7.302735601565589,1146.7791522463253,49.20014429158056,26.61632561477268
14,5.829423163299706,0.14576098154387512,6.318925261613896,6.379034609563925,0.3559133502198094,628.1471530693068,0.45799256950578665,7.314434490675991,1139.0163032726782,68.96687987155292,37.72461250820815
15,5.806019824366869,0.15262553981714955,5.921673708334886,6.089279172054553,0.32803131155481946,310.1612929624567,1.035143714037814,7.313104515594543,1043.9360350012519,42.51823012438288,34.18330722010883
16,5.758847580686567,0.14162205145029994,5.6689042958946185,6.138218434762756,0.5906700990909182,431.40365247785314,0.7803391643886768,7.782302860263518,1317.751459445601,40.38450004736151,36.86122085145994
17,5.735113676933862,0.1280899805084233,5.797696277781274,6.257958500180619,0.731346048741804,628.7482297085643,1.0156331668943142,7.4511535667539075,744.6511267902401,19.467613484735324,37.577827271708145
18,5.687351268637958,0.1342741568194148,5.15923787637578,5.4763428007398245,0.6625495209199863,369.32824890482533,0.70766135899781,7.827707501854756,895.5641162077205,31.99115096354853,35.427935064631704
19,5.674282004200253,0.13192237676007282,5.038741599591782,5.345188762574972,0.47600212419504845,603.0024555146109,0.8576395889370854,7.614239946569351,906.379463087181,37.62771732808359,35.261221433366615
20,5.63487750476342,0.11059969082661017,5.658364711869696,5.553367032313001,0.5747372548854528,433.7975574946169,0.66228471547467,7.4778941923824815,813.7610992702732,35.881303889403476,56.606858926120374
21,5.607096887071627,0.11346192913856798,5.070414743655166,4.826814805265885,0.5239318919236222,292.44440496707637,0.8779430241872163,7.678491765751305,1133.727289514911,25.836814289980943,52.633563185767514
22,5.563197273837341,0.08902377300339143,5.003792229915083,5.04169918850654,0.42491459774607526,446.98592640211575,0.9662254846796087,7.899666772420623,1050.4171131123683,22.614423812250376,46.54498741784091
23,5.532228479342441,0.09013960260178,4.442191522163318,4.407986498231301,1.0073913737361135,506.04511859158094,0.5123094650688649,7.98532562086523,897.296845344732,23.801719473117444,61.8861373631493
24,5.499580009312712,0.08247275765921809,4.428049961761964,4.4325629985206545,0.48939049190533057,666.1930106626651,0.5265251044069592,8.014380318061749,743.6783053129454,31.487498621464965,45.544432521496226
25,5.4667717357004335,0.09218858152172697,4.18110943135798,4.321805788352486,0.6477327058019465,311.689051620151,0.7222800680339153,7.900151687499148,602.253917314131,19.74651616229092,48.51816949571306
26,5.432045810452904,0.08872149122378246,4.467320693783411,4.410522761905801,0.5908558689607591,412.91922521497327,0.9793113215397551,8.288775343637392,379.7971772622399,32.633296795872134,45.677718164910196
27,5.395473989249358,0.0896476212379319,3.6689411085789674,3.408037282540117,0.8901341109866199,389.7499054582735,1.1682565231327493,8.105902162343948,1042.378756261604,26.564682752210036,48.844684965882024
28,5.377073878453867,0.08552258698011474,3.650640822475677,3.411294592572503,0.9506449592176809,546.2268259873852,1.118240719746779,7.5808715571855405,1165.5685748892054,26.634923485297183,53.51129192521918
29,5.338220697323426,0.06697309214472055,4.054194117715933,3.901400500282213,0.616210475121415,603.3407778267604,0.9656260341331194,7.784374068291193,840.2091840082718,21.96509488231736,41.28041735578653
30,5.297253698952362,0.07249691979677901,3.056585670611587,2.89764334896127,0.6540513618045959,414.1323620565901,0.8689999505802628,7.729350488661718,918.586092597475,26.856492437263494,39.27182938731752
31,5.276641111204341,0.06015650504235968,3.271382761901761,3.071103632120803,0.6426652550310801,227.58966268120315,0.7750600577158222,8.063202686292751,1046.2777711412475,37.1443935384843,42.6588599782365
32,5.235158502612744,0.04851783311412304,2.8396529152571213,2.886304958803686,0.6090799039715007,337.8669054339779,1.1650953177235939,7.844987715044771,811.2226848387584,27.1398840519263,36.1991896105
33,5.214323161439596,0.05538397161590395,2.635727207864752,2.6799407361156526,0.6619116401496606,365.52055235272314,0.974358480971232,7.601706419649608,842.2908370665267,23.005627851190077,29.800019833891064
34,5.170266337889607,0.051929707166858054,2.5435152211442773,2.3697802036218842,0.5342422637185588,508.56477146889466,1.3209156120270293,7.548372508937557,727.0388180118194,28.23495068777743,38.20042850863426
35,5.147046563163453,0.036272626143405796,2.676375672112874,2.549535971086108,0.5107582192909701,458.4338865025273,1.4609557707251404,7.625721684673207,818.4880958369577,24.222346952322372,33.85079824408269
36,5.100322315894825,0.04250749990431025,2.2107711051462924,2.0577048819470005,0.5182844156231683,265.0013571351955,1.2163683869303699,7.722243611782465,1006.7250930347785,28.558887373806453,33.830224616196745
37,5.076783952863184,0.04841215314388887,1.9576600269486963,1.8543105630501415,0.5516431799462614,371.2935043644501,0.892385560510267,7.803814593123876,941.6849342859143,13.6210761497609,25.836506680509704
38,5.024693916499314,0.044879051909593085,2.6025746025040597,2.625422443813547,0.48598354655654485,393.5543577105485,0.9245245678212436,7.874683040102445,994.3417834384121,15.641744218981565,61.124779657201515
39,4.9984422681030605,0.0472459709418597,2.451512396274349,2.386462771950272,0.3450060198315817,386.00084144403667,0.9041437390391771,7.790009494731389,908.0440371038433,21.351715550207462,56.71743789767971
40,4.972098961617661,0.04491712899004371,2.1824806502099126,2.1077708668622606,0.5902717148020071,513.276829885597,1.132244699739465,7.904442921191285,656.1714711988332,19.776665985760875,39.31159282437123
41,4.945595796763422,0.04362878573945958,2.3488152178430415,2.2574228568484287,0.6134516090511717,468.59449468537207,1.1586485326721498,7.594401820663475,556.3000280612939,32.65497141920732,42.03162640329822
42,4.892248159980066,0.05264501472788506,2.427517151755,2.2071490053684033,0.6653305657105271,350.3832749827755,1.1469032622747923,7.816584918873223,756.0609381924635,30.743689675257226,51.74476453016352
43,4.862669314823597,0.0521985223862394,2.2128578053152066,2.2846193427619665,0.6725162015710966,533.670142248605,1.0029574360024784,7.904390471841853,1083.225225041859,36.79783822699369,35.63528173746657
44,4.8487228759760965,0.04953756562698222,2.1616504077909093,2.1097483017462073,0.6040789841566816,506.19181990315235,0.9871037294721846,7.983250010598563,908.2441695731526,22.243311381092965,30.71259970476799
45,4.806664730570148,0.05138663981410495,2.1675783091611693,2.0380156409131804,0.5216227303088237,367.01692478446967,0.8339346172347633,8.053895082249621,905.3806789060029,30.106893938638375,40.81152754781155
46,4.778461168590125,0.05209214590018577,1.9024084002939723,1.8920980161190368,0.3000210883624642,378.87090075627884,0.922232555676865,7.9037799391566566,902.4018294305861,17.693610778300695,36.10899567220837
47,4.720187077902779,0.041051933628116696,1.6862284084063242,1.5789821802625281,0.7099886750134375,613.5780611924285,0.934825495237685,7.539849843574688,594.9376439958521,33.73494079306087,19.197136947653664
48,4.622237616993765,0.04589227746257017,1.8470710857128783,1.790021915966003,0.5801124978416758,443.21403461212094,0.6936861872401477,7.210724660215516,1049.9968120178896,17.65298369072447,19.405976243957475
49,4.577088592204344,0.05741443379267458,1.66312126942501,1.8018168869240108,0.8589100741361749,281.4130423242853,0.7182661550723992,7.505461480160245,1082.7147898518915,31.84502138471849,34.09912358417409
50,4.5521323230353365,0.047250230127708515,1.852655679662171,1.957961890864165,0.5790348053002488,294.0884480703295,0.7971035226951935,7.2957885279819035,1023.3014506890822,22.799448975448428,30.547218696662256
51,4.501814915026364,0.05031665257496644,1.4947951711021212,1.5460487261477351,0.6475292462707628,381.91357276480164,0.8794666326632378,7.4555721385820615,659.0173979762017,27.929514354690635,25.44329634361857
52,4.48942163564651,0.049152050889625744,1.35269218792782,1.4252269751098325,0.35737651941070625,543.9537517320788,0.698301174232693,7.458027259174786,670.5006417559318,35.55771755605076,26.176843545219505
53,4.451988877090199,0.040490213575587373,1.0551816025644534,1.0989336524892794,0.6208022081033001,409.6275590564629,0.6635742555364396,7.502488633613891,623.2122344944084,38.7852310865106,33.132540668737974
54,4.425636673797183,0.03426546286752109,1.284405640352985,1.1330613658702409,0.5036571319047425,592.328478355038,0.6706051955245437,7.517385380283946,605.2677367241188,21.779387286980537,19.683561213940475
55,4.384017668022734,0.04361230852029279,0.9276759245634271,0.7640530962833241,0.5468710529037023,410.53685691425716,0.7355609782068357,7.9845748958855625,1145.877221769009,30.574230503579763,27.70086516937876
56,4.356077168016793,0.043505279041597206,0.9900549800885956,1.0416400592162423,0.672469361577887,515.0753878803821,0.6113297166646219,8.048687765408298,1343.2315809696502,36.52307315383416,32.48738507725052
57,4.328017673411098,0.04149662600131769,1.2976489695473654,1.159962454322516,0.8505935684825022,472.9215742119982,0.6505310046880538,8.265019320692131,1257.0351123580715,25.196034777133313,31.59411051789231
58,4.282832647088027,0.05053038418125442,1.5708151971299142,1.5972589343660002,0.47221588875850073,633.2281238904473,0.5629647912566638,7.8717039854679935,818.4982182822248,36.331848896491124,39.29011103704464
59,4.251573740401522,0.04712436508169737,1.585037575717354,1.4735979988897774,0.4783555927337343,459.58448284959434,0.47356934121734495,7.976293607062351,644.250676619348,23.4101537088835,25.029711540719404
60,4.218546832503941,0.05169259326026673,1.2032353074669624,1.1321279440488092,0.4518197265824451,483.9087465513238,0.5186423158145355,7.964703253259067,613.2857468037025,23.708033107957448,28.80012253067548
61,4.1837560100917885,0.039470590117817665,1.8171719634303358,1.6422559485780504,0.7075654915601929,703.3537475843185,0.8303180598702635,7.971532454389245,833.0686224320476,21.758750798947144,17.86584851767442
62,4.166252624258076,0.03575926937278091,2.018723284615083,1.813284155119368,0.41572661620663476,484.143815363955,0.5829799759102018,8.078071696625312,1121.2699786060002,47.914376833297666,25.47280643003557
63,4.129379642199092,0.04025330789740135,1.566660937537325,1.600180722877902,0.5680748559396257,510.47939067621826,0.566719877450381,8.21540395064682,1096.7755988349256,32.08116164507952,26.317343296944763
64,4.090517576788267,0.04316398647468165,1.3321547296655782,1.333471622235979,0.5030145309783866,604.2500391511512,0.8802245246049836,8.227028393237678,1348.301486616683,30.554667792859536,35.296278150602625
65,4.051387253346471,0.03107777077683164,1.319968277649839,1.4162738709760188,0.3994538248600875,412.3145559926073,0.5968986982394673,7.872343475508255,934.1509626026921,19.04361017681648,32.38186100627988
66,4.031717654255528,0.03556481054476289,1.064472670673811,1.0507913089890846,0.43175341927359756,496.38969181077647,0.45277287505196806,7.720544631259034,1050.5890858110051,16.40085314277651,35.958732767949606
67,3.9921703326700086,0.025707506311024753,1.2537815168344602,1.3369894706358192,0.5033141873403617,392.63161329533887,0.8372439295725833,7.38712435725913,872.7549249524278,25.255077426799062,27.702489771753648
68,3.9703123977296446,0.030560977245544872,1.2774016665683454,1.3240280449645812,0.4704854355378892,606.4769898155689,0.8948680960631019,7.277946070396872,929.4483624138159,30.250921364222954,23.429908803136016
69,3.9263621640915054,0.03049472000226372,1.3001428435912448,1.4607363544379994,0.5806284217169442,425.58793387829945,0.5622919937108926,7.047998379293764,946.5336864218949,22.312008960897533,35.417052605591714
70,3.904236747925157,0.033908517442653816,1.239362566060084,1.3060486017417277,0.6479297698428844,560.9844598147484,0.41537474479156755,7.269098787034665,943.9304265009962,27.208363933397052,34.291734745407176
71,3.8597869359163535,0.02735921380014352,1.8119807990817036,1.8898194773171137,0.8727006140507898,466.97033359162,0.369569965529435,7.585000714678448,1113.905458337545,27.130907583232993,33.774109108792835
72,3.837429450196413,0.0358924183510273,1.948625123728526,2.0404404375646124,0.763926101174279,425.39006282938834,0.6706044785029215,7.408131205513946,1484.7731159299378,20.26773343865758,32.29807177913958
73,3.79021115421336,0.04520604912532515,2.092210103187367,2.1585492992261854,0.9460040423835855,306.37845076204394,0.5337604562148174,7.3839370466540455,1057.1558605304176,19.47206866198805,38.66885976902799
74,3.765320039697933,0.048584040223992105,2.16648593808802,2.367988251063264,0.49376375711535053,335.3865692103639,0.8021057777852751,7.226894977582846,557.5373628277831,32.544868158105885,37.90810546389188
75,3.7403442402838434,0.05098827341141608,2.293436338690542,2.431671986349312,0.3253366561974599,310.6987547726115,0.5840207033758172,7.079664302367947,727.3647705568728,30.627353127230418,36.331244003315035
76,3.6900396490094094,0.05727863687247929,1.7767485017244073,2.1169400590043486,0.7711521762738723,331.70935649362065,0.5560789976686569,6.8757087919750814,997.6215587233612,30.82674110959906,43.54540088081364
77,3.6647448434540313,0.05296943807920507,1.737255283747702,1.8218431518106908,0.35117496141584603,450.57128191981155,0.5384830780065915,6.577074168522509,934.4764912299272,33.41417305838873,41.15578534135347
78,3.6393332294665535,0.038833041326419945,2.0868874184700976,2.042667485148559,0.574906851068591,654.5464916361755,0.49060812764690276,7.331293505011438,1138.2040878181579,38.608333064609816,34.70222500826894
79,3.611243287317557,0.04151117870239745,1.7231539877191004,1.7034491731468688,0.6018646761197749,333.29941394667287,0.7304932901171468,7.306014271894675,1173.1888793486055,27.927043175703922,35.55035843956598
80,3.5830408109660965,0.04176422337158449,2.0347046130817263,2.2270636771456203,0.3500575905949762,433.1284606477052,0.4764577025419623,7.657632477676492,1091.6123252605262,35.263970330840756,36.89277365661705
81,3.5406764130714983,0.051224572293327185,2.053953600823319,2.0887983534316557,0.45557046200308465,341.0724640147759,0.6882926567187199,7.978437251596941,928.9977500432866,51.076939131298126,33.277612495164064
82,3.5122938050100214,0.05205208585889696,2.104285730085482,2.2997943501990212,0.3889329081881569,324.516140973587,0.7200801104165815,7.948280603886365,587.3608106670969,39.07608019725247,35.20939008614962
83,3.480915262767496,0.05312885723752211,2.101812086420254,2.2076039406098245,0.3429226170882108,364.1268913564811,0.5955006836317223,7.782645145105818,520.087808989591,41.313812146243905,43.20645099360163
84,3.4493642568072502,0.05693194286869059,2.034801835734719,2.1709297733531945,0.43759001264320696,433.08967181548934,0.6010483068114226,7.811915618393892,574.5425892179236,50.74519634083363,37.583518828903436
85,3.4176414378115427,0.05873494046523674,2.211214182802888,2.1936117541952553,0.3683106144467553,509.71570675041494,0.6575371554973566,7.752273916785458,643.5522889374819,38.54995229008355,33.72971516000986
86,3.384160105599035,0.05646844281849948,2.366167417880384,2.4086618994898896,0.47095694208555683,648.2591328069078,0.5971926033544117,7.793448278536175,964.9756234802392,53.63719717658256,30.470767127737222
87,3.3488592409068514,0.05458397346376489,2.2262277460505624,2.2609749869951665,0.3154691769471829,618.0615429552824,0.7456130634270233,7.812055079762688,930.005540816285,49.629828860091926,26.861365293772028
88,3.313394622547607,0.06443339151865954,1.9063731970812334,1.993323466250495,0.2823376746376505,557.0227154803191,0.4687099081749511,7.8934443378036985,902.1093502141672,41.08515496338462,27.593001905937083
89,3.2955764075645178,0.0648878858275281,1.8167967742753348,2.0121858479498083,0.37790861993456837,724.7691556208982,0.5396387740188662,7.733723721383879,831.4545382610968,39.25005657188705,20.759528127542087
90,3.2597687795980548,0.05783957572036387,2.091757604394229,2.2400075725026847,0.5606679881943195,507.61757242645433,0.4898262567091402,7.575573796187085,637.0303687837988,56.89175566939306,23.122983964747597
91,3.220194766662841,0.06146133640636968,2.0809974904518764,2.2075691651978624,0.40652214544295856,371.3238507346935,0.3557376982425469,7.583884944147958,634.3497139836284,62.18263497382107,25.37863441980747
92,3.2002516129970497,0.062420342919058305,2.2412433196761703,2.407312644886648,0.40435257534646374,675.9889900859329,0.39050872279250376,7.788776187295767,742.6493347268854,40.84571184982428,15.0668261154773
93,3.1602677614677805,0.06473618222125406,2.207550376540508,2.3287222885348275,0.3319970477795336,457.6621371499756,0.5812075344748661,7.728446623877609,916.160083669561,33.46929923644555,23.829690464627635
94,3.1200013903966006,0.06058813639341718,2.2741225630271353,2.2134467214459557,0.46157531171944094,427.9665297777472,0.5534607459594717,7.734461330483145,868.6286908221066,30.372576796411686,28.059128422867555
95,3.099787303245713,0.05838129266801183,2.2466391198568973,2.3717495233325763,0.503845489541399,328.13729152451685,0.7542323446443049,7.631227435654478,858.1674217269738,28.500165163144526,26.44518124101438
96,3.032536332071169,0.05375479467591995,1.2997878660978497,1.3745672155949606,0.456803199657317,224.17908803443933,0.5774095505792488,7.578935194896421,538.7248252991293,34.36077809728286,22.32121377096136
97,2.987318142080252,0.044222469949448964,1.4149943791868238,1.4806215359032366,0.43406964435028594,371.7078163897301,0.3541912877873178,7.608928911643775,437.56401706810357,51.696031846610424,19.337183754366468
98,2.964568325761885,0.04205572175238852,1.3738881739435476,1.4350845714534004,0.4914348372030017,433.00214051446403,0.3626662993589743,7.7060736852771985,678.2563328979942,42.61161286254637,33.762146307637096
99,2.9417685863907828,0.03833759452404134,1.4518343604882225,1.3892115419953368,0.4263340496911436,477.203829499225,0.5139272237755466,7.7911251492841584,689.1742663217435,36.666710379922606,23.492066547487006
100,2.9044341091206314,0.03781627427438975,1.4499328596998393,1.3575758392050519,0.508061416554588,387.86589616850745,0.4360230217029512,8.00672389289079,1079.570660646929,33.34076238502292,19.891175886345643
101,2.879459068881067,0.036347711703797435,1.2923339629020252,1.401142028814063,0.44887464768025476,411.6197084082155,0.5791993978420864,8.193855172763733,1106.9687782348176,29.767766504004495,25.717147607397035
102,2.840501774017653,0.04474111848233618,1.2193542344775956,1.268281811846264,0.4533411153970414,424.14159600698,0.6731349429633967,7.962438914415058,701.0686623084487,40.69705902344576,36.57792442168155
103,2.8127777060410555,0.04184223289875263,1.3877632639205513,1.4539310421724017,0.33493162384371533,480.12760996443274,0.7309695905857744,7.868885886300835,904.8214189960856,48.065733156635325,36.20803226738806
104,2.784817132151856,0.04751272008856167,1.3728977242403264,1.4621543728132258,0.5371625604114929,297.5083704812807,0.6741804316382161,7.6481929175864165,824.7423479280964,38.24243784206634,44.211516010471016
105,2.7427265610184968,0.04778104665470223,1.4868530099344048,1.4800573217377058,0.47591384755645905,441.9861469978472,0.7769818379938893,7.378988780252482,477.359845843437,25.930386306402774,46.985190474981145
106,2.7117133543835266,0.050855709919503375,1.6217113113887334,1.613398048162697,0.4104232478044062,296.99978310840754,0.7447583081156735,7.0517282850050735,853.759321538682,34.574184598773336,52.00631453236194
107,2.68053568833356,0.049828234178026655,1.6143018569153234,1.559897280567039,0.6321630866548358,326.5608262748576,0.7229826381471431,7.042718368667847,1000.397247411159,23.02058842578129,48.89382429187622
108,2.6491942320886306,0.0384609514956326,1.984928331385492,1.9516767023426465,0.30287304652904323,637.0301910737734,0.6635944689518614,7.0822637990895005,981.4993754584523,34.7070816845246,47.43713897037838
109,2.614521529925911,0.0467178019751385,2.0409349636140095,1.9399919299808264,0.321978088924837,475.17969609542376,0.574074764581178,7.3908714554901165,1086.0750337257668,27.07471761764297,52.06748675989795
110,2.5970701812222377,0.05591094012153928,1.9863796720863802,1.9700298935252376,0.4023958856497254,429.42789110912383,0.6574899803172662,7.263378875440293,1160.0546988651354,26.00729626490797,53.1002409470182
111,2.562131922884664,0.06180254336640838,2.003346569596945,2.182586335202653,0.6222934676388449,252.61447614132186,1.2818616872138913,7.3417810801395,953.4286189288035,28.959808638380725,52.881826563864415
112,2.526974675067546,0.055966286159483826,2.2835345768775808,2.1901849469689916,0.6144306821288127,452.79007677173723,1.4252505362299792,7.371619122568363,588.2878743010046,24.033572813248846,66.69987037389144
113,2.4916638430941767,0.0618452845840477,2.1788212996249996,2.133645047659402,0.5988213766053658,598.020500932517,1.244765254957554,7.417493786341936,271.48814071162366,23.529215111901138,57.11585512732758
114,2.452533894244416,0.06191018480607698,2.148899045424933,1.949363360310857,0.5347475222720093,461.05961132750963,1.2953587819441947,7.142979037949165,647.1999661766513,35.12609982881899,30.257953812340624
115,2.432923249867974,0.06270596931296571,2.0498888252598144,2.0312536606687663,0.47467061192321325,575.6719087493865,1.0297187181456944,7.396124227197754,945.3726303203,21.05252589237295,35.70211551506096
116,2.3934185607529006,0.052068650515576284,2.03181351553926,1.93861834350182,0.33458305588169146,528.6984838787823,1.1835854256008127,7.402001836959338,886.1828474057531,32.53434048880668,35.35509475111324
117,2.3735891273313907,0.05641408463770803,1.6973813473097852,1.6626741287388094,0.57097370035986,536.5962908572141,0.87958815144241,7.267263551111706,871.2184130601396,29.878097321364255,26.26074473397783
118,2.3337768208667296,0.05292792877014951,1.522427394241041,1.7226020165792455,0.35675619257293356,485.4279224063316,1.1513739948518857,7.431773882190953,703.3842334129976,31.799620695465897,22.03241742037081
119,2.3137302192753904,0.04775566192045837,1.3689292075696917,1.496585665621691,0.33216050154825694,387.17471737665096,1.015896402677378,7.3866823005375055,820.7069814596285,31.87686377573286,27.29869388413076
120,2.269521171742096,0.034212098495632046,1.2741420077512617,1.278399375618687,0.5256993905470532,283.5967259258264,0.6524577203541096,7.2586589730064475,647.3782741581634,44.850801425902624,22.418786852417554
121,2.224930415431526,0.032590060226631176,0.954607773518204,1.0851939478959296,0.3649746155058637,377.5818286390326,0.6337253371171659,6.892949079173962,396.8814965689529,28.115421904378003,36.81062658536774
122,2.2025324624786755,0.03248125686948629,1.1868717268450644,1.2686707813066167,0.3293134746381573,388.84789890254103,0.7037680287525048,7.008755703511436,804.8206686697348,22.572189421037322,27.985738387383275
123,2.1800876680884858,0.03821196294086978,0.9569056898745542,0.9200568214150386,0.32485946108219366,510.22317196727033,0.758822338398463,6.848697455162965,817.2703395524316,22.10227084463326,35.48983225824912
124,2.157532515481736,0.0356024304999834,1.2364658639622417,1.0649513065972738,0.473262157610864,375.39477478659654,0.8129421269406631,7.177088273558804,1003.19735987285,26.527359528182156,25.941016674439172
125,2.112219607618881,0.03511150558966789,1.300845128794609,1.1932568831994246,0.5085914237284361,313.71269510709993,1.1728542981414058,7.120175516222557,859.5885029193366,14.198025052295627,25.955970027137088
126,2.087111301115557,0.03780155885704667,1.0853045422580025,1.0092287966592375,0.41310051607062526,349.1434317903563,0.6173905690927494,7.133515508185771,823.7401331658439,26.44395061703907,22.17919694657824
127,2.0619610942752065,0.033731429999722624,1.312375134950606,1.2547708722731232,0.6135955774032896,350.63358673086793,0.9327543745199373,7.062454608497356,897.3817045000626,34.930749596268285,20.88428367874682
128,2.0113456725416192,0.04617872748748299,1.0955288480527483,1.0526702047734446,0.5438352671543597,624.2594056803379,1.3278913913764683,6.85010931693464,474.23603008218845,44.9081689739641,24.026137383131818
129,1.9603127121682111,0.039949003880419866,1.5702339274432606,1.702858130433908,0.5818249927060448,488.59873272656495,1.028355027945733,6.99131906356565,702.2862369518617,28.738987275115015,40.52920900382326
130,1.9346405898490333,0.048189265219450245,1.7036581698098203,1.6137107504902446,0.628069505580122,497.5455502700317,1.1758079310010399,7.104686216716525,719.9404737660832,22.139631215025098,39.54282417610495
131,1.883050037737778,0.04954261639630771,1.9406540896593838,1.9961328109523346,0.5793321669897307,409.1101994444836,0.6614726930592575,7.049434288580988,1095.4050954635763,37.74422106636795,61.542591935943086
132,1.8544850560257515,0.051406710932275224,1.6873898071825846,1.7566851478918744,0.5392961449726688,508.6749334430991,0.8483791711541869,6.931621525361578,912.1306002689756,33.38805735604239,57.3733417290857
133,1.8257600052573768,0.054304660775501376,1.6383500109605798,1.6439846317483202,0.7160076566972015,683.1559796518301,1.2945335942092995,6.7306843882413885,687.3119688999384,38.944987069628674,56.30989991731807
134,1.796938407859891,0.053926113716853095,1.7505087474885443,1.7683186830778361,0.7411833584159313,748.9064834903463,0.9608145998773157,6.621647731172473,451.1700893236305,56.69858712545089,47.67471365718319
135,1.7679578668133151,0.059818760534171914,1.6919650121642136,1.8885836249533117,0.7444805239309422,687.932127542222,1.0317530373894137,6.853913027828895,444.1037079040713,44.57253184212034,54.118238962290846
136,1.7388817816783195,0.06627161716687667,1.7226524252061335,1.8341688266213112,0.8870518884493652,575.1379017904044,1.2118284363603078,6.7448720830824955,457.93028558535104,46.779285182292526,50.71565982181672
137,1.6803821053718089,0.06009351718117897,1.8755655340379191,1.8879887002276476,0.5793677734463392,543.6362980700335,0.7062187572806335,6.901374231014598,764.7508863937153,55.39984770899972,59.27643105936399
138,1.6513349419549357,0.061610910453636605,1.9476872953057103,1.9769942554567266,0.7231379642773893,484.9405578305608,0.8524842408756935,7.288188910379094,803.8922026642626,53.21145316450789,54.77121366631534
139,1.6221933386695184,0.06828961023421995,1.7653995794688835,1.9037563227447998,0.5273175737677123,699.3501169924784,0.4320310214527838,7.217074405533713,783.5041604472902,51.49283201784019,43.81972897520125
140,1.5913968824946192,0.0631804923474261,2.140718805666934,2.1137473721825706,0.5827387168015945,944.71728196408,0.6534569544922885,7.281906373901561,726.2301339834619,35.93054392820271,35.53606753600178
141,1.526482000440085,0.08435836563367127,1.9530019916548575,2.0150330964060306,0.4893266678021783,572.0859282415378,0.3820140027293856,7.4093126775821645,394.5088637405904,65.27552849102834,47.88734896726897
142,1.4921852356211271,0.08094106048812125,2.2783124283171907,2.298704512416083,0.4737603328552094,756.9577184530399,0.5784680802233014,7.318619183787037,426.39424034732684,70.68844794334413,51.59971616209313
143,1.4740895780518706,0.08491789888444919,2.3800880016532058,2.391290415096443,0.5692254281128888,766.8304617734245,0.3786280479076975,7.520764865097211,602.6257667627818,66.80637566182733,49.510403737970336
144,1.4378104691953375,0.0951646169734791,2.331153967420994,2.4298122957738046,0.501266580478192,615.1758699615455,0.34134957068875976,7.579790012365665,815.2182170289326,74.69008709555463,52.4758375641095
145,1.3995344473201283,0.09070119428363548,2.44676970316108,2.344788829694697,0.5506020041742393,688.1117149376814,0.4407023113080718,7.851997709370087,1020.9533725660118,55.32154228534141,50.75047637209053
146,1.379394815045762,0.08881723987482132,2.5443025740151493,2.4693626223902525,0.3935699321540508,673.6498416860948,0.5364148576896399,8.020933227739278,932.7755695858535,72.40968795601923,58.41091927484345
147,1.3389136775111898,0.0978841712086137,2.4253933916270674,2.4991899552470316,0.38991854345869514,671.7380119476513,0.3661755857796705,7.870774091190725,414.50626892929057,53.08875995823202,56.99043390108978
148,1.3186343746780445,0.10140064914070246,2.3767464488499983,2.5389081383756826,0.3059106302770082,712.3930805677903,0.4644222452532111,7.93998940154539,489.5978890928209,71.3161307943084,56.55322693974349
149,1.2736795703077617,0.10397681892591282,2.561363093990411,2.603823578501758,0.3996965530808271,608.8884499670555,0.4877345010859465,7.7749741959204615,356.250803128882,61.74804991563129,66.3354458099666
150,1.2511075261369928,0.1077225559859932,2.531285827600512,2.6388278969894627,0.5028476426270123,701.055287538006,0.4569847166523536,7.468142525494487,537.1523096633669,67.58578384418423,68.72147214823823
151,1.2284316259411128,0.10452515231147877,2.673618861701358,2.7777696724027283,0.4187970799247407,555.8045621034504,0.6396804849705695,7.780363227640078,760.2866102836981,56.22295123910153,80.54842579569409
152,1.1828925623151108,0.09944080797906422,2.739415796388179,2.6390637261672367,0.3499991507298458,479.31399417761213,0.46032703127810926,7.487459338484173,667.3236936005349,51.80974396180627,71.30349435914817
153,1.1599684223993911,0.09979421134001107,2.61069420310301,2.461580241973306,0.45775293978524545,658.4950413513164,0.47248737418615594,7.503540632866466,838.1969233349458,43.218165930097896,75.5486546518381
154,1.1370030372074371,0.09890106805098975,2.630963760818229,2.633883704067256,0.3491747231716871,889.9587339715665,0.3744501006692893,7.228428253531265,823.7601445232185,55.22348239196678,60.369893187825696
155,1.0885598576131272,0.09495519015309066,2.5696571713565595,2.639486715116422,0.5938832955168862,733.2503683475823,0.5583875871280121,6.803770340872238,489.836811586296,56.933211353729455,70.42801873792129
156,1.0629644951974877,0.09814109253501033,2.5258779649639127,2.584307773272137,0.39967311158741325,690.0035230315161,0.586710537177065,6.5866387168729075,262.3738797065715,65.65530090001987,54.8363946292904
157,1.0373333408983232,0.09340061925125823,2.908593605711274,3.035951121750312,0.6067489167031208,567.6991471320587,0.5675967157665147,6.82706568010253,540.4437970529698,56.42832286191625,63.21751454942563
158,1.0116055126964891,0.09525942788283501,3.0114495383265534,3.158505710822108,0.6242034511491356,586.406656096382,0.3198003948548621,6.457099583454282,355.0394011193024,50.5041405787424,69.99829897259033
159,0.9857813933188329,0.0943414385184358,3.090885127543559,3.123888530389337,0.6300891723033715,657.7184664645526,0.4266991539935502,6.767530157642925,662.7582661920289,44.52476751209263,44.998924160691445
160,0.9338458197560904,0.10265384703841055,2.826219190079267,2.9349628259943854,0.5619648806763378,635.8452070420874,0.8179208433465147,6.932065287527854,797.0107714087783,47.31484529742218,45.817727576795924
161,0.9076743060215976,0.09803830810225317,2.9636251716021174,3.1473763126826997,0.6239465790058258,640.6583927921722,0.6360217209510043,7.044217582851506,684.6137408784432,45.694603673604696,33.01875608706098
162,0.8814689430246716,0.09418079928485396,3.073006161835883,3.2286093401835414,0.655619445284642,560.1991053949555,0.5242244766938047,7.287839090113783,723.9858619531773,35.521088856209026,22.89923558696183
163,0.8524982665495529,0.09971646611232035,2.6260944540767555,2.7900528594541223,0.6190001732509328,501.0924638178828,0.8853630905389117,7.091570668701026,444.5208568470547,40.08382425639623,13.984653054773057
164,0.8233788600331238,0.09119521989096863,2.627081784905345,2.887799841471394,0.6629872507418995,728.1903627367768,0.7867376669836011,7.19697490281356,333.22705091885246,34.049747064868505,18.972315413592376
165,0.794171930422948,0.0795769608484069,2.8646441063049304,2.9109205419083275,0.756779170533121,472.37289732206375,0.8199175473850285,7.141760669610744,273.91436773807106,27.21384120906807,27.751834260494675
166,0.7648174264279408,0.0838320316555449,2.519164221556342,2.583896046928218,0.6409270196934644,517.7546351368549,0.7862714339913888,7.049889237549001,383.5447328857205,51.344561479519506,31.67768663496378
167,0.7353160006453141,0.08107720564025407,2.3442498834672474,2.5253066421359818,0.5738639498631356,428.7826535127433,0.5659649495705954,7.271432035697622,554.122428392666,34.18288875574403,28.188852623818107
168,0.7057286556549318,0.07374160703490439,2.5063816756891653,2.465397957888504,0.47617535813963957,469.20557912424226,0.511690258803371,7.382889948688001,920.2127051930245,27.25178624944068,31.81292960870181
169,0.6759955603324528,0.07475176557058218,2.291208878386626,2.275760318553279,0.6794622911864938,393.119157507938,0.5531340166809798,7.670735525787565,726.7538680895475,35.31361429645508,23.181995801503973
170,0.6461173762670658,0.07018688660515175,2.48456978644158,2.3676043158819176,0.47875755827741007,650.7584158467677,0.6854591383302584,7.538673947053783,643.7388212338335,21.807167182955634,22.537105538807598
171,0.6131486197814819,0.06996047988664549,2.382223545870091,2.3595580525538757,0.47543807745024375,706.233120954239,0.5846604226348223,7.6992567519787,481.3125102310697,36.47040139591506,29.977950881698476
172,0.5799836130857816,0.06789341750007177,2.1943630115285573,2.2366403684417944,0.5628984654803084,606.0783341765422,0.6355252110301508,7.461405853872503,293.25201027447105,20.296123867390776,32.26361910870346
173,0.5466832990887749,0.05609809759782244,2.203507788192037,2.1114530014819417,0.7206070331567218,638.5618809307194,0.892357099430867,7.339593827836994,275.8006130942627,29.950089747594532,25.41017773946591
174,0.5131885432006982,0.05560082902616727,2.0454308672213073,2.047521903505063,0.7819166345218734,666.6970769157494,0.9236569102892211,6.886726675147102,483.22021859400394,20.878850014414304,31.078175787518273
175,0.4991212178044133,0.057648975307812135,1.8762282566718465,1.81058691162144,0.6656721826751414,648.9131304744208,0.729908627763322,7.158115979096349,725.3516374528219,25.1324130361427,27.043565744630538
176,0.4709510438215574,0.049822788065469824,1.9449990712692213,1.8714292975142108,0.6063043203871891,630.5804623678409,0.630353143426998,7.010159932481706,665.0702024249189,27.112006928621415,38.089329583736784
177,0.4426939363838329,0.03835037069542174,1.9680706916974469,1.9319034940771433,0.6533256564360588,689.0159103480679,0.5428576929512643,7.015056467978849,718.2310962838762,14.712611171998711,30.359753820337428
178,0.4114283276708388,0.04620266750109112,1.4935429678658823,1.391034631269981,0.3647002994163372,587.3740984983584,0.6342628009520312,7.239297654658095,702.2961809529584,35.0647760917276,22.712314038187262
179,0.3800242733878658,0.04408506042816484,1.8162274444427673,1.8345728722760668,0.4971432933293801,481.41708780518604,0.4960451634472253,7.471337076548208,596.9110342479705,25.345514363699582,39.23008375811404
180,0.3469361976641796,0.03920620347255044,1.8532752684335645,1.7986414985189145,0.6314374549900695,588.4560343550659,0.32528234719366145,7.291951655774961,427.595164062681,23.6509992064877,27.047017713405406
181,0.3120524204023489,0.037906258867774725,1.8006619850890229,1.7981551368738942,0.704250741588919,686.9788058465982,0.3671564105237527,7.127635760272625,353.45160960025714,36.49931110179627,17.901134995607027
182,0.2945997882812428,0.038915422600648314,1.5606360203337608,1.547686513219237,0.46065383478828864,450.30311570971054,0.45602826016452075,7.182528301550008,322.40917167346663,36.370801100398765,22.821716936360808
183,0.2577179218977008,0.039920141577553275,1.6511237015581675,1.6588249797797119,0.4253268805560787,507.34131013805717,0.5722349721222499,7.036912500994868,478.8355538967438,21.189053806516377,26.332449090694066
184,0.2382917854605324,0.04085929128310299,1.5471191785034275,1.5406913825081334,0.5532042411055731,456.9847770901153,0.49612963783502845,6.924247596066431,694.0966032751069,23.71665183538658,22.84491152732583
185,0.1601547334405868,0.03899712321647689,1.4711887597451099,1.3556552527449042,0.36598062183238833,628.929248882054,0.4343798275632132,7.046154754394823,797.3879904266444,37.04577668804643,29.24723988388503
186,0.1404541071160281,0.03771031044836652,1.4850502681455287,1.2397264633872465,0.47087360235690234,630.8002068423782,0.41607118775065094,6.68109555280879,751.2278307852873,27.406149461827194,31.32603163247029
187,0.1009252796935396,0.03492429939736517,1.3514930746965543,1.193086739203097,0.42605904878031325,422.3429880147095,0.3885558518658242,6.784722342388119,411.7813109719411,26.003222702870747,44.818882051941245
188,0.0790978521063614,0.03345454303671017,1.2338786694152009,1.1081318494458758,0.5610909811918101,567.1118939205659,0.4794467477415859,6.819012269278479,253.19235610208756,27.985013412250066,30.237159806111602
189,0.0572318233060435,0.03244326373924516,1.2414153875245426,1.0721964950852103,0.4315771420910499,623.9486918722745,0.6229097287902509,6.963466988033882,323.4291181390641,27.515467400645967,29.80894894587891
190,0.0132086769907413,0.02457056134690752,1.2714693255005125,1.214511317680857,0.4714571318699819,627.7888024372779,0.8196217024901513,6.8278696386810065,449.61867767489593,30.50338749138633,32.1407073906259
